State_Name,District_Name,Crop_Year,Season,Crop,Area,Production,Yield
Jharkhand,Bokaro,2002,Autumn,Maize,1589.28,2223.4,1.3989982885331724
Jharkhand,Bokaro,2002,Rabi,Wheat,1760.13,1960.07,1.1135938822700595
Jharkhand,Bokaro,2002,Winter,Rice,31891.35,22642.85,0.7099997334700475
Jharkhand,Bokaro,2003,Autumn,Maize,1589.92,1901.54,1.1959972828821575
Jharkhand,Bokaro,2003,Rabi,Wheat,1383.93,957.68,0.6920003179351556
Jharkhand,Bokaro,2003,Winter,Rice,31904.26,29990.01,0.9400001755251493
Jharkhand,Bokaro,2004,Autumn,Maize,2070.85,2563.71,1.237998889344955
Jharkhand,Bokaro,2004,Rabi,Gram,165.53,142.02,0.8579713647073038
Jharkhand,Bokaro,2004,Rabi,Rapeseed &Mustard,80.48,72.51,0.900969184890656
Jharkhand,Bokaro,2004,Rabi,Wheat,1231.39,1435.8,1.1659993990531026
Jharkhand,Bokaro,2004,Winter,Rice,16103.97,10897.03,0.676667306260506
Jharkhand,Bokaro,2005,Autumn,Maize,1675.32,934.83,0.5580008595372825
Jharkhand,Bokaro,2005,Rabi,Gram,32.97,23.54,0.7139824082499242
Jharkhand,Bokaro,2005,Rabi,Potato,458.18,5928.39,12.93899777380069
Jharkhand,Bokaro,2005,Rabi,Rapeseed &Mustard,31.19,7.7,0.2468739980763065
Jharkhand,Bokaro,2005,Rabi,Wheat,358.34,169.85,0.4739911815594129
Jharkhand,Bokaro,2005,Winter,Rice,16243.8,5403.77,0.3326666174171069
Jharkhand,Bokaro,2006,Autumn,Maize,2982.76,2860.0,0.9588434872400058
Jharkhand,Bokaro,2006,Autumn,Ragi,223.28,265.0,1.1868505911859548
Jharkhand,Bokaro,2006,Autumn,Rice,547.09,470.67,0.8603154873969547
Jharkhand,Bokaro,2006,Rabi,Arhar/Tur,76.79,108.0,1.4064331293137127
Jharkhand,Bokaro,2006,Rabi,Gram,27.53,21.0,0.7628042135851798
Jharkhand,Bokaro,2006,Rabi,Onion,7.44,46.0,6.182795698924731
Jharkhand,Bokaro,2006,Rabi,Potato,502.68,4418.0,8.788891541338426
Jharkhand,Bokaro,2006,Rabi,Rapeseed &Mustard,68.33,34.0,0.49758524806088106
Jharkhand,Bokaro,2006,Rabi,Wheat,773.25,655.0,0.8470740381506627
Jharkhand,Bokaro,2006,Winter,Potato,148.97,1383.0,9.283748405719273
Jharkhand,Bokaro,2006,Winter,Rice,305.95,226.0,0.738682791305769
Jharkhand,Bokaro,2007,Autumn,Maize,4049.62,526.0,0.1298887303006208
Jharkhand,Bokaro,2007,Autumn,Ragi,410.65,361.0,0.8790941190795082
Jharkhand,Bokaro,2007,Autumn,Rice,1363.19,1060.67,0.778079357976511
Jharkhand,Bokaro,2007,Rabi,Arhar/Tur,38.83,70.0,1.802729848055627
Jharkhand,Bokaro,2007,Rabi,Gram,12.33,10.0,0.8110300081103001
Jharkhand,Bokaro,2007,Rabi,Onion,39.85,263.0,6.599749058971142
Jharkhand,Bokaro,2007,Rabi,Potato,677.65,5951.0,8.781819523352764
Jharkhand,Bokaro,2007,Rabi,Rapeseed &Mustard,31.72,20.0,0.6305170239596469
Jharkhand,Bokaro,2007,Rabi,Wheat,468.94,491.0,1.0470422655350364
Jharkhand,Bokaro,2007,Winter,Potato,207.09,18100.0,87.40161282534164
Jharkhand,Bokaro,2007,Winter,Rice,35616.41,43832.0,1.2306686721092888
Jharkhand,Bokaro,2010,Rabi,Arhar/Tur,262.0,451.0,1.7213740458015268
Jharkhand,Bokaro,2010,Rabi,Gram,38.0,17.0,0.4473684210526316
Jharkhand,Bokaro,2010,Rabi,Onion,171.0,1124.0,6.573099415204679
Jharkhand,Bokaro,2010,Rabi,Potato,659.0,5497.0,8.341426403641881
Jharkhand,Bokaro,2010,Rabi,Rapeseed &Mustard,1.0,0.38,0.38
Jharkhand,Bokaro,2010,Rabi,Wheat,470.0,571.0,1.2148936170212765
Jharkhand,Chatra,2002,Autumn,Maize,4679.7,6766.85,1.4460008120178645
Jharkhand,Chatra,2002,Rabi,Arhar/Tur,1537.38,3139.32,2.041993521445576
Jharkhand,Chatra,2002,Rabi,Gram,1315.58,1139.29,0.8659982669240943
Jharkhand,Chatra,2002,Rabi,Rapeseed &Mustard,419.75,350.91,0.8359976176295415
Jharkhand,Chatra,2002,Rabi,Wheat,4804.17,6600.92,1.373998005899042
Jharkhand,Chatra,2002,Winter,Rice,27827.15,34283.05,1.2320000431233527
Jharkhand,Chatra,2003,Autumn,Maize,5152.56,9212.78,1.788000527892931
Jharkhand,Chatra,2003,Kharif,Arhar/Tur,1613.85,2929.14,1.8150013941816154
Jharkhand,Chatra,2003,Rabi,Gram,1579.98,1491.5,0.9439992911302675
Jharkhand,Chatra,2003,Rabi,Rapeseed &Mustard,239.94,180.43,0.7519796615820622
Jharkhand,Chatra,2003,Rabi,Wheat,5336.49,5635.33,1.0559993553815337
Jharkhand,Chatra,2003,Winter,Rice,25537.4,27359.67,1.0713569118234432
Jharkhand,Chatra,2004,Autumn,Maize,4757.81,6427.8,1.350999724663238
Jharkhand,Chatra,2004,Rabi,Arhar/Tur,1221.19,1756.07,1.4379990009744592
Jharkhand,Chatra,2004,Rabi,Gram,1221.19,902.46,0.7390004831353024
Jharkhand,Chatra,2004,Rabi,Rapeseed &Mustard,294.88,260.33,0.8828336950623982
Jharkhand,Chatra,2004,Rabi,Wheat,4554.09,4157.88,0.9129990843395717
Jharkhand,Chatra,2004,Winter,Potato,991.19,7032.49,7.094996922890666
Jharkhand,Chatra,2004,Winter,Rice,22058.68,7867.59,0.3566664007093806
Jharkhand,Chatra,2005,Autumn,Maize,3619.21,4893.17,1.351999469497487
Jharkhand,Chatra,2005,Rabi,Arhar/Tur,1139.21,1148.32,1.0079967696912773
Jharkhand,Chatra,2005,Rabi,Gram,1242.21,852.16,0.6860031717664484
Jharkhand,Chatra,2005,Rabi,Potato,419.54,3246.4,7.737998760547266
Jharkhand,Chatra,2005,Rabi,Rapeseed &Mustard,298.47,185.95,0.623010687841324
Jharkhand,Chatra,2005,Rabi,Wheat,3445.5,3383.48,0.981999709766362
Jharkhand,Chatra,2005,Winter,Potato,998.75,16893.86,16.915003754693366
Jharkhand,Chatra,2005,Winter,Rice,14629.77,4954.61,0.3386662948221332
Jharkhand,Chatra,2006,Autumn,Maize,5194.4,8046.0,1.548975820113969
Jharkhand,Chatra,2006,Autumn,Ragi,240.39,213.0,0.8860601522525896
Jharkhand,Chatra,2006,Autumn,Rice,2738.22,2354.67,0.8599272520104302
Jharkhand,Chatra,2006,Rabi,Arhar/Tur,1506.18,1794.0,1.1910926980838943
Jharkhand,Chatra,2006,Rabi,Gram,167.93,157.0,0.934913356755791
Jharkhand,Chatra,2006,Rabi,Masoor,316.24,139.0,0.43953959018466987
Jharkhand,Chatra,2006,Rabi,Onion,101.55,560.0,5.51452486459872
Jharkhand,Chatra,2006,Rabi,Potato,567.79,3576.0,6.298103171947376
Jharkhand,Chatra,2006,Rabi,Rapeseed &Mustard,629.09,398.0,0.6326598737859448
Jharkhand,Chatra,2006,Rabi,Wheat,11262.43,13796.0,1.224957668993281
Jharkhand,Chatra,2006,Whole Year,Sugarcane,316.67,14160.0,44.71531878611804
Jharkhand,Chatra,2006,Winter,Potato,1182.04,8047.0,6.807722242902102
Jharkhand,Chatra,2006,Winter,Rice,18560.23,22185.33,1.1953154675346158
Jharkhand,Chatra,2007,Autumn,Maize,4235.15,5400.0,1.2750433868930264
Jharkhand,Chatra,2007,Autumn,Ragi,310.21,304.0,0.9799813029882983
Jharkhand,Chatra,2007,Autumn,Rice,2210.49,2041.33,0.9234739808820669
Jharkhand,Chatra,2007,Rabi,Arhar/Tur,1271.65,1694.0,1.332127550819801
Jharkhand,Chatra,2007,Rabi,Gram,1395.24,1713.0,1.2277457641696052
Jharkhand,Chatra,2007,Rabi,Masoor,292.33,191.0,0.6533711900933876
Jharkhand,Chatra,2007,Rabi,Onion,110.7,631.0,5.700090334236676
Jharkhand,Chatra,2007,Rabi,Potato,480.55,3551.0,7.38944958901259
Jharkhand,Chatra,2007,Rabi,Rapeseed &Mustard,325.33,170.0,0.5225463375649341
Jharkhand,Chatra,2007,Rabi,Wheat,4714.63,6619.0,1.4039277737595526
Jharkhand,Chatra,2007,Whole Year,Sugarcane,333.29,14000.0,42.00546070989228
Jharkhand,Chatra,2007,Winter,Potato,1235.03,10783.0,8.730962000923055
Jharkhand,Chatra,2007,Winter,Rice,19476.96,21801.33,1.1193394657071742
Jharkhand,Chatra,2010,Rabi,Arhar/Tur,1009.0,1183.0,1.1724479682854312
Jharkhand,Chatra,2010,Rabi,Gram,1280.0,531.0,0.41484375
Jharkhand,Chatra,2010,Rabi,Onion,230.0,1480.0,6.434782608695652
Jharkhand,Chatra,2010,Rabi,Potato,553.0,1971.0,3.5641952983725136
Jharkhand,Chatra,2010,Rabi,Rapeseed &Mustard,297.0,144.0,0.48484848484848486
Jharkhand,Chatra,2010,Rabi,Wheat,3735.0,3152.0,0.843908969210174
Jharkhand,Deoghar,2002,Autumn,Maize,2778.16,3011.53,1.0840016413741471
Jharkhand,Deoghar,2002,Autumn,Rice,1955.12,1772.64,0.9066655755145465
Jharkhand,Deoghar,2002,Rabi,Wheat,3697.63,4729.26,1.2789976282105024
Jharkhand,Deoghar,2002,Winter,Rice,65362.28,79750.5,1.2201303259311027
Jharkhand,Deoghar,2003,Autumn,Maize,3156.77,4299.52,1.3619997655831753
Jharkhand,Deoghar,2003,Autumn,Rice,4794.94,4593.55,0.9579994744459785
Jharkhand,Deoghar,2003,Rabi,Wheat,3888.93,7093.41,1.8240004319954333
Jharkhand,Deoghar,2003,Winter,Rice,51821.8,51234.49,0.9886667387084199
Jharkhand,Deoghar,2004,Autumn,Maize,2478.72,3497.72,1.4110992770462174
Jharkhand,Deoghar,2004,Autumn,Rice,2523.42,1963.22,0.7779996988214407
Jharkhand,Deoghar,2004,Rabi,Gram,270.8,405.39,1.4970088626292466
Jharkhand,Deoghar,2004,Rabi,Rapeseed &Mustard,10.34,4.39,0.4245647969052224
Jharkhand,Deoghar,2004,Rabi,Wheat,3387.86,5515.44,1.628001157072606
Jharkhand,Deoghar,2004,Winter,Rice,45340.94,58610.72,1.2926666275555823
Jharkhand,Deoghar,2005,Autumn,Maize,2530.1,1634.44,0.6459981818900439
Jharkhand,Deoghar,2005,Autumn,Rice,1361.46,234.17,0.1719991773537232
Jharkhand,Deoghar,2005,Rabi,Gram,210.67,230.89,1.0959794939953482
Jharkhand,Deoghar,2005,Rabi,Potato,882.09,8139.93,9.228003945175661
Jharkhand,Deoghar,2005,Rabi,Rapeseed &Mustard,11.54,9.64,0.8353552859618718
Jharkhand,Deoghar,2005,Rabi,Wheat,2621.47,2757.79,1.0520013580166854
Jharkhand,Deoghar,2005,Winter,Rice,42757.54,8209.45,0.1920000542594359
Jharkhand,Deoghar,2006,Autumn,Maize,2484.2,4159.0,1.6741808228000967
Jharkhand,Deoghar,2006,Autumn,Ragi,55.98,44.0,0.7859949982136478
Jharkhand,Deoghar,2006,Autumn,Rice,1621.25,1553.33,0.958106399383192
Jharkhand,Deoghar,2006,Rabi,Arhar/Tur,20.12,32.0,1.5904572564612325
Jharkhand,Deoghar,2006,Rabi,Gram,219.6,153.0,0.6967213114754098
Jharkhand,Deoghar,2006,Rabi,Masoor,3.25,2.0,0.6153846153846154
Jharkhand,Deoghar,2006,Rabi,Onion,42.29,184.0,4.350910380704659
Jharkhand,Deoghar,2006,Rabi,Potato,1106.01,9355.0,8.458332203144638
Jharkhand,Deoghar,2006,Rabi,Rapeseed &Mustard,1111.52,196.0,0.17633510868000576
Jharkhand,Deoghar,2006,Rabi,Wheat,6866.74,10458.0,1.5229934437593386
Jharkhand,Deoghar,2006,Winter,Potato,319.48,2397.0,7.502817077751345
Jharkhand,Deoghar,2006,Winter,Rice,46232.26,86238.67,1.8653353740440115
Jharkhand,Deoghar,2007,Autumn,Maize,2283.23,2653.0,1.1619503948353866
Jharkhand,Deoghar,2007,Autumn,Ragi,19.72,11.0,0.5578093306288032
Jharkhand,Deoghar,2007,Autumn,Rice,1754.25,2284.0,1.3019809035200227
Jharkhand,Deoghar,2007,Rabi,Arhar/Tur,22.92,33.0,1.4397905759162302
Jharkhand,Deoghar,2007,Rabi,Gram,208.63,183.0,0.8771509370656185
Jharkhand,Deoghar,2007,Rabi,Masoor,1.05,0.68,0.6476190476190476
Jharkhand,Deoghar,2007,Rabi,Potato,1123.97,9228.0,8.210183545824176
Jharkhand,Deoghar,2007,Rabi,Rapeseed &Mustard,24.44,24.0,0.9819967266775776
Jharkhand,Deoghar,2007,Rabi,Wheat,3141.02,5588.0,1.7790399297043635
Jharkhand,Deoghar,2007,Winter,Potato,134.76,992.0,7.361234787770853
Jharkhand,Deoghar,2007,Winter,Rice,46093.35,85272.67,1.8499994033846532
Jharkhand,Deoghar,2010,Rabi,Arhar/Tur,21.0,27.0,1.2857142857142858
Jharkhand,Deoghar,2010,Rabi,Gram,309.0,274.0,0.8867313915857605
Jharkhand,Deoghar,2010,Rabi,Onion,23.0,236.0,10.26086956521739
Jharkhand,Deoghar,2010,Rabi,Potato,1224.0,7705.0,6.294934640522876
Jharkhand,Deoghar,2010,Rabi,Rapeseed &Mustard,82.0,114.0,1.3902439024390243
Jharkhand,Deoghar,2010,Rabi,Wheat,2180.0,3652.0,1.6752293577981652
Jharkhand,Dhanbad,2002,Autumn,Maize,1353.91,1150.82,0.8499974148946384
Jharkhand,Dhanbad,2002,Rabi,Wheat,398.1,660.16,1.6582768148706353
Jharkhand,Dhanbad,2002,Winter,Rice,21245.0,22024.03,1.0366688632619439
Jharkhand,Dhanbad,2003,Autumn,Maize,1544.38,1740.52,1.1270024216837824
Jharkhand,Dhanbad,2003,Rabi,Wheat,289.7,472.5,1.6309975837072834
Jharkhand,Dhanbad,2003,Winter,Rice,29170.02,44066.18,1.510666773625798
Jharkhand,Dhanbad,2004,Autumn,Maize,968.27,1147.39,1.1849897239406366
Jharkhand,Dhanbad,2004,Rabi,Gram,24.72,21.21,0.8580097087378642
Jharkhand,Dhanbad,2004,Rabi,Wheat,123.91,114.99,0.9280122669679606
Jharkhand,Dhanbad,2004,Winter,Rice,29158.22,32287.87,1.1073333694580807
Jharkhand,Dhanbad,2005,Autumn,Maize,663.62,875.98,1.320002411018354
Jharkhand,Dhanbad,2005,Rabi,Wheat,56.14,56.08,0.9989312433202707
Jharkhand,Dhanbad,2005,Winter,Rice,16996.32,12667.93,0.7453336957647303
Jharkhand,Dhanbad,2006,Autumn,Maize,694.59,727.0,1.0466606199340618
Jharkhand,Dhanbad,2006,Autumn,Ragi,37.59,45.0,1.1971268954509178
Jharkhand,Dhanbad,2006,Autumn,Rice,2.78,2.67,0.960431654676259
Jharkhand,Dhanbad,2006,Rabi,Arhar/Tur,0.8,1.0,1.25
Jharkhand,Dhanbad,2006,Rabi,Gram,3.78,4.0,1.0582010582010584
Jharkhand,Dhanbad,2006,Rabi,Onion,38.82,258.0,6.6460587326120555
Jharkhand,Dhanbad,2006,Rabi,Potato,113.22,922.0,8.143437555202262
Jharkhand,Dhanbad,2006,Rabi,Wheat,134.51,174.0,1.2935841201397666
Jharkhand,Dhanbad,2006,Winter,Potato,29.82,277.0,9.289067739771966
Jharkhand,Dhanbad,2006,Winter,Rice,19596.01,34632.67,1.7673327376338348
Jharkhand,Dhanbad,2007,Autumn,Maize,585.72,3300.0,5.634091374718295
Jharkhand,Dhanbad,2007,Autumn,Ragi,16.49,4.0,0.24257125530624624
Jharkhand,Dhanbad,2007,Rabi,Arhar/Tur,1.58,2.0,1.2658227848101264
Jharkhand,Dhanbad,2007,Rabi,Onion,22.48,149.0,6.628113879003559
Jharkhand,Dhanbad,2007,Rabi,Potato,95.12,806.0,8.473507148864591
Jharkhand,Dhanbad,2007,Rabi,Rapeseed &Mustard,0.58,0.31,0.5344827586206897
Jharkhand,Dhanbad,2007,Rabi,Wheat,42.57,66.0,1.550387596899225
Jharkhand,Dhanbad,2007,Winter,Potato,56.17,455.0,8.100409471247996
Jharkhand,Dhanbad,2007,Winter,Rice,23172.81,38698.67,1.6700033358060586
Jharkhand,Dhanbad,2010,Rabi,Arhar/Tur,1.0,0.6,0.6
Jharkhand,Dhanbad,2010,Rabi,Gram,4.0,0.16,0.04
Jharkhand,Dhanbad,2010,Rabi,Onion,5.0,32.0,6.4
Jharkhand,Dhanbad,2010,Rabi,Potato,88.0,360.0,4.090909090909091
Jharkhand,Dhanbad,2010,Rabi,Rapeseed &Mustard,2.0,1.0,0.5
Jharkhand,Dhanbad,2010,Rabi,Wheat,40.0,56.0,1.4
Jharkhand,Dumka,2002,Autumn,Maize,11002.27,16503.4,1.499999545548328
Jharkhand,Dumka,2002,Autumn,Rice,4763.68,6347.45,1.3324677560205553
Jharkhand,Dumka,2002,Rabi,Arhar/Tur,387.77,874.6,2.2554607112463576
Jharkhand,Dumka,2002,Rabi,Rapeseed &Mustard,250.19,297.97,1.1909748591070788
Jharkhand,Dumka,2002,Rabi,Wheat,3168.47,5709.58,1.801999072107358
Jharkhand,Dumka,2002,Winter,Rice,75492.94,108055.6,1.431333843932956
Jharkhand,Dumka,2003,Autumn,Maize,11046.54,14150.62,1.2810002045889481
Jharkhand,Dumka,2003,Autumn,Rice,8310.89,7175.07,0.863333529862626
Jharkhand,Dumka,2003,Kharif,Arhar/Tur,589.52,772.86,1.3109987786673905
Jharkhand,Dumka,2003,Rabi,Rapeseed &Mustard,554.31,555.42,1.0020024895816422
Jharkhand,Dumka,2003,Rabi,Wheat,3119.67,4592.15,1.471998640881888
Jharkhand,Dumka,2003,Winter,Rice,74874.82,89051.12,1.189333343305533
Jharkhand,Dumka,2004,Autumn,Maize,11095.85,29570.04,2.6649639279550463
Jharkhand,Dumka,2004,Autumn,Rice,3159.57,3096.38,0.9800004430982697
Jharkhand,Dumka,2004,Rabi,Arhar/Tur,548.85,727.78,1.3260089277580394
Jharkhand,Dumka,2004,Rabi,Gram,59.08,84.96,1.4380501015572105
Jharkhand,Dumka,2004,Rabi,Potato,1163.35,6158.77,5.293995788025961
Jharkhand,Dumka,2004,Rabi,Rapeseed &Mustard,550.42,770.58,1.399985465644417
Jharkhand,Dumka,2004,Rabi,Wheat,2987.09,5188.58,1.7370015633944742
Jharkhand,Dumka,2004,Winter,Rice,64976.73,98201.5,1.511333365036991
Jharkhand,Dumka,2005,Autumn,Maize,9110.9,11470.62,1.2589996597482138
Jharkhand,Dumka,2005,Autumn,Rice,2965.4,3843.16,1.2960005395562149
Jharkhand,Dumka,2005,Rabi,Arhar/Tur,518.59,756.62,1.45899458146127
Jharkhand,Dumka,2005,Rabi,Gram,57.0,52.44,0.9199999999999999
Jharkhand,Dumka,2005,Rabi,Potato,1120.82,11350.54,10.126996306275764
Jharkhand,Dumka,2005,Rabi,Rapeseed &Mustard,550.83,586.63,1.0649928290035038
Jharkhand,Dumka,2005,Rabi,Wheat,2856.54,3904.89,1.366999936986704
Jharkhand,Dumka,2005,Winter,Potato,661.68,4337.31,6.554996372869062
Jharkhand,Dumka,2005,Winter,Rice,69111.7,68282.36,0.9880000057877321
Jharkhand,Dumka,2006,Autumn,Maize,9729.03,21189.0,2.177914961717663
Jharkhand,Dumka,2006,Autumn,Ragi,102.85,81.0,0.7875546912980068
Jharkhand,Dumka,2006,Autumn,Rice,3012.14,3154.67,1.0473185177315796
Jharkhand,Dumka,2006,Rabi,Arhar/Tur,561.71,709.0,1.2622171583201296
Jharkhand,Dumka,2006,Rabi,Gram,65.39,40.0,0.6117143294081664
Jharkhand,Dumka,2006,Rabi,Masoor,2.2,1.0,0.45454545454545453
Jharkhand,Dumka,2006,Rabi,Onion,89.86,392.0,4.362341419986646
Jharkhand,Dumka,2006,Rabi,Potato,1118.04,11075.0,9.905727880934492
Jharkhand,Dumka,2006,Rabi,Rapeseed &Mustard,1376.42,590.0,0.42864823237093325
Jharkhand,Dumka,2006,Rabi,Wheat,6946.83,10865.0,1.5640227269128508
Jharkhand,Dumka,2006,Winter,Potato,634.11,6635.0,10.463484253520683
Jharkhand,Dumka,2006,Winter,Rice,56210.7,71950.0,1.2800054082229897
Jharkhand,Dumka,2007,Autumn,Maize,8925.94,13130.0,1.4709935312135192
Jharkhand,Dumka,2007,Autumn,Ragi,93.83,51.0,0.5435361824576361
Jharkhand,Dumka,2007,Autumn,Rice,3428.1,3455.33,1.0079431755199673
Jharkhand,Dumka,2007,Rabi,Arhar/Tur,611.98,862.0,1.4085427628353868
Jharkhand,Dumka,2007,Rabi,Gram,94.49,72.0,0.7619853952799238
Jharkhand,Dumka,2007,Rabi,Masoor,2.73,2.0,0.7326007326007326
Jharkhand,Dumka,2007,Rabi,Onion,108.54,548.0,5.048829924451815
Jharkhand,Dumka,2007,Rabi,Potato,1253.46,10525.0,8.396757774480239
Jharkhand,Dumka,2007,Rabi,Rapeseed &Mustard,698.31,543.0,0.77759161403961
Jharkhand,Dumka,2007,Rabi,Wheat,3079.88,5180.0,1.6818837097549255
Jharkhand,Dumka,2007,Winter,Potato,643.91,5275.0,8.192138652917334
Jharkhand,Dumka,2007,Winter,Rice,55701.19,75344.67,1.3526581748073963
Jharkhand,Dumka,2010,Rabi,Arhar/Tur,1790.0,1779.0,0.993854748603352
Jharkhand,Dumka,2010,Rabi,Gram,2320.0,1496.0,0.6448275862068965
Jharkhand,Dumka,2010,Rabi,Onion,110.0,1131.0,10.281818181818181
Jharkhand,Dumka,2010,Rabi,Potato,3803.0,13984.0,3.677097028661583
Jharkhand,Dumka,2010,Rabi,Rapeseed &Mustard,3920.0,2615.0,0.6670918367346939
Jharkhand,Dumka,2010,Rabi,Wheat,4955.0,6531.0,1.3180625630676084
Jharkhand,East Singhbum,2002,Autumn,Rice,2525.35,1870.44,0.7406656503058983
Jharkhand,East Singhbum,2002,Winter,Rice,86624.52,83506.03,0.9639999159591303
Jharkhand,East Singhbum,2003,Autumn,Maize,1253.32,995.14,0.7940031276928479
Jharkhand,East Singhbum,2003,Autumn,Rice,207599.95,158468.0,0.7633335171805196
Jharkhand,East Singhbum,2003,Rabi,Wheat,330.62,450.3,1.361986570685379
Jharkhand,East Singhbum,2003,Winter,Rice,84048.56,92957.71,1.1060000314104133
Jharkhand,East Singhbum,2004,Autumn,Maize,590.68,759.61,1.2859924155210944
Jharkhand,East Singhbum,2004,Autumn,Rice,2370.03,2528.32,1.0667881841158129
Jharkhand,East Singhbum,2004,Rabi,Gram,71.31,87.35,1.2249333894264478
Jharkhand,East Singhbum,2004,Rabi,Rapeseed &Mustard,5.37,4.83,0.8994413407821229
Jharkhand,East Singhbum,2004,Rabi,Wheat,303.19,367.77,1.2130017480787625
Jharkhand,East Singhbum,2004,Winter,Rice,116810.64,89554.82,0.7666666324232109
Jharkhand,East Singhbum,2005,Autumn,Maize,597.98,694.85,1.1619953844610187
Jharkhand,East Singhbum,2005,Autumn,Rice,2278.47,1127.08,0.49466527977107444
Jharkhand,East Singhbum,2005,Rabi,Gram,75.84,80.01,1.05498417721519
Jharkhand,East Singhbum,2005,Rabi,Rapeseed &Mustard,4.42,4.12,0.9321266968325792
Jharkhand,East Singhbum,2005,Rabi,Wheat,301.57,248.49,0.8239877971946812
Jharkhand,East Singhbum,2005,Winter,Rice,86438.35,45236.07,0.5233333352614898
Jharkhand,East Singhbum,2006,Autumn,Maize,621.93,1414.0,2.2735677648609975
Jharkhand,East Singhbum,2006,Autumn,Ragi,5.85,5.0,0.8547008547008548
Jharkhand,East Singhbum,2006,Autumn,Rice,2449.49,1986.0,0.810781019722473
Jharkhand,East Singhbum,2006,Rabi,Arhar/Tur,146.18,203.0,1.3886988644137364
Jharkhand,East Singhbum,2006,Rabi,Gram,62.81,46.0,0.7323674574112402
Jharkhand,East Singhbum,2006,Rabi,Onion,18.36,105.0,5.718954248366013
Jharkhand,East Singhbum,2006,Rabi,Potato,97.13,788.0,8.112838463914342
Jharkhand,East Singhbum,2006,Rabi,Rapeseed &Mustard,42.55,28.0,0.6580493537015276
Jharkhand,East Singhbum,2006,Rabi,Wheat,802.33,1054.0,1.3136739246943276
Jharkhand,East Singhbum,2006,Winter,Potato,10.12,77.0,7.608695652173914
Jharkhand,East Singhbum,2006,Winter,Rice,86471.07,91140.67,1.0540018760031533
Jharkhand,East Singhbum,2007,Autumn,Maize,1464.56,1508.0,1.0296607854918884
Jharkhand,East Singhbum,2007,Autumn,Rice,2458.62,1866.67,0.7592348553253452
Jharkhand,East Singhbum,2007,Rabi,Arhar/Tur,117.17,141.0,1.203379704702569
Jharkhand,East Singhbum,2007,Rabi,Gram,63.25,91.0,1.4387351778656126
Jharkhand,East Singhbum,2007,Rabi,Onion,14.57,92.0,6.314344543582704
Jharkhand,East Singhbum,2007,Rabi,Potato,120.88,401.0,3.3173395102581074
Jharkhand,East Singhbum,2007,Rabi,Rapeseed &Mustard,17.31,19.0,1.0976314269208551
Jharkhand,East Singhbum,2007,Rabi,Wheat,324.34,432.0,1.3319356231115498
Jharkhand,East Singhbum,2007,Winter,Potato,90.29,689.0,7.630966884483331
Jharkhand,East Singhbum,2007,Winter,Rice,92333.02,96457.33,1.0446677689086743
Jharkhand,East Singhbum,2010,Rabi,Arhar/Tur,78.0,103.0,1.3205128205128205
Jharkhand,East Singhbum,2010,Rabi,Gram,140.0,85.0,0.6071428571428571
Jharkhand,East Singhbum,2010,Rabi,Onion,3.0,17.0,5.666666666666667
Jharkhand,East Singhbum,2010,Rabi,Potato,27.0,47.0,1.7407407407407407
Jharkhand,East Singhbum,2010,Rabi,Rapeseed &Mustard,27.0,18.0,0.6666666666666666
Jharkhand,East Singhbum,2010,Rabi,Wheat,227.0,146.0,0.6431718061674009
Jharkhand,Garhwa,2002,Rabi,Arhar/Tur,4422.75,6952.56,1.5719993216889945
Jharkhand,Garhwa,2002,Rabi,Rapeseed &Mustard,779.51,507.46,0.6509987043142487
Jharkhand,Garhwa,2002,Rabi,Wheat,6904.01,7194.19,1.0420306459579287
Jharkhand,Garhwa,2002,Winter,Rice,16368.26,15757.17,0.9626661599950147
Jharkhand,Garhwa,2003,Autumn,Maize,7419.8,16813.27,2.266000431278471
Jharkhand,Garhwa,2003,Autumn,Rice,12032.5,9642.05,0.8013338873883232
Jharkhand,Garhwa,2003,Kharif,Arhar/Tur,4326.84,4802.79,1.1099994453226836
Jharkhand,Garhwa,2003,Rabi,Gram,2991.02,2324.02,0.7769991507913688
Jharkhand,Garhwa,2003,Rabi,Masoor,1778.23,4836.79,2.720002474370582
Jharkhand,Garhwa,2003,Rabi,Rapeseed &Mustard,591.38,366.06,0.6189928641482634
Jharkhand,Garhwa,2003,Rabi,Wheat,6385.51,7943.57,1.2439993046757423
Jharkhand,Garhwa,2003,Whole Year,Onion,199.96,1634.67,8.1749849969994
Jharkhand,Garhwa,2003,Winter,Rice,19919.18,20144.93,1.0113332978566387
Jharkhand,Garhwa,2004,Autumn,Maize,9696.73,11034.87,1.1379990986652202
Jharkhand,Garhwa,2004,Autumn,Rice,6381.61,3075.94,0.48200062366706836
Jharkhand,Garhwa,2004,Rabi,Arhar/Tur,3714.24,6262.21,1.686000366158353
Jharkhand,Garhwa,2004,Rabi,Barley,2962.57,1801.24,0.6079991358853968
Jharkhand,Garhwa,2004,Rabi,Gram,2856.42,1816.68,0.6359989077236541
Jharkhand,Garhwa,2004,Rabi,Masoor,743.2,447.41,0.6020048439181916
Jharkhand,Garhwa,2004,Rabi,Onion,196.57,1515.75,7.710993539197233
Jharkhand,Garhwa,2004,Rabi,Rapeseed &Mustard,673.41,551.52,0.8189958569073819
Jharkhand,Garhwa,2004,Rabi,Wheat,6640.24,5020.02,0.7559997831403685
Jharkhand,Garhwa,2004,Winter,Rice,13462.19,5223.33,0.3880000207989933
Jharkhand,Garhwa,2005,Autumn,Maize,8309.58,5957.97,0.7170001371910494
Jharkhand,Garhwa,2005,Autumn,Rice,4781.84,1801.16,0.37666672243320565
Jharkhand,Garhwa,2005,Rabi,Arhar/Tur,3743.35,3803.24,1.0159990382945756
Jharkhand,Garhwa,2005,Rabi,Gram,2813.91,1451.98,0.516000867120839
Jharkhand,Garhwa,2005,Rabi,Masoor,750.35,292.64,0.3900046644899047
Jharkhand,Garhwa,2005,Rabi,Onion,193.08,1297.69,6.720996478143775
Jharkhand,Garhwa,2005,Rabi,Potato,502.0,3241.41,6.45699203187251
Jharkhand,Garhwa,2005,Rabi,Rapeseed &Mustard,674.91,430.59,0.6379961772680802
Jharkhand,Garhwa,2005,Rabi,Wheat,6433.74,4001.79,0.6220005782017924
Jharkhand,Garhwa,2005,Winter,Potato,804.43,5799.14,7.209005134070088
Jharkhand,Garhwa,2005,Winter,Rice,11249.58,2752.4,0.24466691200915947
Jharkhand,Garhwa,2006,Autumn,Maize,5971.09,11130.0,1.8639812831493077
Jharkhand,Garhwa,2006,Autumn,Ragi,566.14,437.0,0.7718938778394037
Jharkhand,Garhwa,2006,Autumn,Rice,4851.82,3716.67,0.7660362503143151
Jharkhand,Garhwa,2006,Rabi,Arhar/Tur,197.97,312.0,1.575996363085316
Jharkhand,Garhwa,2006,Rabi,Gram,3166.22,1922.0,0.6070329920220326
Jharkhand,Garhwa,2006,Rabi,Masoor,571.25,311.0,0.5444201312910284
Jharkhand,Garhwa,2006,Rabi,Onion,127.79,888.0,6.948900539948353
Jharkhand,Garhwa,2006,Rabi,Potato,228.1,1490.0,6.53222270933801
Jharkhand,Garhwa,2006,Rabi,Rapeseed &Mustard,1335.29,923.0,0.6912356117397719
Jharkhand,Garhwa,2006,Rabi,Wheat,10283.05,7476.0,0.7270216521362826
Jharkhand,Garhwa,2006,Winter,Potato,820.75,5017.0,6.112701797136765
Jharkhand,Garhwa,2006,Winter,Rice,12053.24,10679.33,0.8860132213413157
Jharkhand,Garhwa,2007,Autumn,Maize,6622.62,6099.0,0.9209346150013137
Jharkhand,Garhwa,2007,Autumn,Ragi,493.86,461.0,0.9334629247155064
Jharkhand,Garhwa,2007,Autumn,Rice,4713.97,2068.0,0.4386960460079296
Jharkhand,Garhwa,2007,Rabi,Arhar/Tur,1923.93,2493.0,1.2957851896898536
Jharkhand,Garhwa,2007,Rabi,Gram,3171.17,1782.0,0.5619377075338124
Jharkhand,Garhwa,2007,Rabi,Masoor,575.46,304.0,0.5282730337469155
Jharkhand,Garhwa,2007,Rabi,Onion,135.34,999.0,7.381409782769322
Jharkhand,Garhwa,2007,Rabi,Potato,232.02,1752.0,7.551073183346263
Jharkhand,Garhwa,2007,Rabi,Rapeseed &Mustard,548.39,619.0,1.1287587301008406
Jharkhand,Garhwa,2007,Rabi,Wheat,7009.67,7928.0,1.1310090203961098
Jharkhand,Garhwa,2007,Whole Year,Sugarcane,129.6,5440.0,41.97530864197531
Jharkhand,Garhwa,2007,Winter,Potato,847.67,5880.0,6.936661672584851
Jharkhand,Garhwa,2007,Winter,Rice,12270.47,8000.67,0.6520263689980906
Jharkhand,Garhwa,2010,Rabi,Arhar/Tur,4037.0,4118.0,1.0200644042605895
Jharkhand,Garhwa,2010,Rabi,Gram,2375.0,1389.0,0.5848421052631579
Jharkhand,Garhwa,2010,Rabi,Masoor,712.0,372.0,0.5224719101123596
Jharkhand,Garhwa,2010,Rabi,Onion,245.0,1365.0,5.571428571428571
Jharkhand,Garhwa,2010,Rabi,Potato,558.0,3640.0,6.523297491039426
Jharkhand,Garhwa,2010,Rabi,Rapeseed &Mustard,927.0,578.0,0.6235167206040992
Jharkhand,Garhwa,2010,Rabi,Wheat,6258.0,5563.0,0.8889421540428252
Jharkhand,Giridih,2002,Autumn,Maize,9656.45,8488.01,0.8789990110237198
Jharkhand,Giridih,2002,Autumn,Ragi,3247.35,1211.26,0.37299952268773
Jharkhand,Giridih,2002,Autumn,Rice,48.51,17.27,0.35600907029478457
Jharkhand,Giridih,2002,Rabi,Potato,1452.95,18458.27,12.703995319866479
Jharkhand,Giridih,2002,Rabi,Wheat,4149.34,5842.27,1.407999826478428
Jharkhand,Giridih,2002,Winter,Rice,48794.45,44858.36,0.9193332438422813
Jharkhand,Giridih,2003,Autumn,Maize,6824.42,8086.94,1.185000337024978
Jharkhand,Giridih,2003,Autumn,Ragi,7227.08,3035.37,0.4199995018735091
Jharkhand,Giridih,2003,Autumn,Rice,7523.5,6169.27,0.8200000000000001
Jharkhand,Giridih,2003,Rabi,Potato,1691.08,23776.58,14.059997161577218
Jharkhand,Giridih,2003,Rabi,Wheat,4309.88,5891.61,1.367000937381087
Jharkhand,Giridih,2003,Whole Year,Onion,151.82,2166.92,14.272954814912397
Jharkhand,Giridih,2003,Winter,Rice,62305.55,73229.79,1.1753333370783179
Jharkhand,Giridih,2004,Autumn,Maize,5562.32,6190.86,1.1129996116728271
Jharkhand,Giridih,2004,Autumn,Ragi,2258.6,923.76,0.40899672363410966
Jharkhand,Giridih,2004,Autumn,Rice,2518.43,1418.72,0.5633350936893223
Jharkhand,Giridih,2004,Rabi,Gram,310.93,266.78,0.8580066252854339
Jharkhand,Giridih,2004,Rabi,Onion,75.14,1106.44,14.72504657971786
Jharkhand,Giridih,2004,Rabi,Potato,1639.52,21182.6,12.920000975895384
Jharkhand,Giridih,2004,Rabi,Rapeseed &Mustard,6.54,5.89,0.9006116207951069
Jharkhand,Giridih,2004,Rabi,Wheat,4268.26,5740.81,1.3450000702862526
Jharkhand,Giridih,2004,Winter,Rice,49216.94,45509.27,0.9246667915559154
Jharkhand,Giridih,2005,Autumn,Maize,5562.32,3904.75,0.702000244502294
Jharkhand,Giridih,2005,Autumn,Ragi,2258.6,1852.05,0.8199991144957053
Jharkhand,Giridih,2005,Autumn,Rice,2518.43,1553.03,0.6166659386999044
Jharkhand,Giridih,2005,Rabi,Arhar/Tur,30.96,50.93,1.6450258397932815
Jharkhand,Giridih,2005,Rabi,Gram,103.18,65.52,0.6350067842605155
Jharkhand,Giridih,2005,Rabi,Onion,24.42,323.61,13.251842751842752
Jharkhand,Giridih,2005,Rabi,Potato,1784.63,24740.33,13.863002415066429
Jharkhand,Giridih,2005,Rabi,Wheat,3396.43,3973.82,1.169999087276935
Jharkhand,Giridih,2005,Winter,Rice,49570.32,16192.97,0.3266666424586325
Jharkhand,Giridih,2006,Autumn,Maize,5922.05,5887.0,0.9940814413927609
Jharkhand,Giridih,2006,Autumn,Ragi,2073.88,2609.0,1.2580284298030744
Jharkhand,Giridih,2006,Autumn,Rice,2199.37,2192.0,0.9966490404070257
Jharkhand,Giridih,2006,Rabi,Arhar/Tur,1.29,2.0,1.5503875968992247
Jharkhand,Giridih,2006,Rabi,Gram,155.09,145.0,0.9349410019988393
Jharkhand,Giridih,2006,Rabi,Onion,79.57,1085.0,13.635792384064347
Jharkhand,Giridih,2006,Rabi,Potato,196.2,2455.0,12.512742099898064
Jharkhand,Giridih,2006,Rabi,Rapeseed &Mustard,62.88,36.0,0.5725190839694656
Jharkhand,Giridih,2006,Rabi,Wheat,8578.47,10817.0,1.2609474649908434
Jharkhand,Giridih,2006,Winter,Potato,1741.22,24647.0,14.155017746177966
Jharkhand,Giridih,2006,Winter,Rice,55245.22,75870.0,1.37333148460627
Jharkhand,Giridih,2007,Autumn,Maize,6418.36,6470.0,1.0080456689870934
Jharkhand,Giridih,2007,Autumn,Ragi,2135.15,3719.0,1.7417980001405053
Jharkhand,Giridih,2007,Autumn,Rice,4936.47,4650.0,0.9419686537140912
Jharkhand,Giridih,2007,Rabi,Arhar/Tur,32.97,55.0,1.6681831968456173
Jharkhand,Giridih,2007,Rabi,Gram,295.38,454.0,1.5370031823413908
Jharkhand,Giridih,2007,Rabi,Onion,156.16,1506.0,9.643954918032787
Jharkhand,Giridih,2007,Rabi,Potato,2522.77,25576.0,10.13806252650856
Jharkhand,Giridih,2007,Rabi,Wheat,4037.88,5532.0,1.3700258551517133
Jharkhand,Giridih,2007,Winter,Potato,1443.32,20019.0,13.870105035612339
Jharkhand,Giridih,2007,Winter,Rice,56946.21,82078.67,1.4413368334784702
Jharkhand,Giridih,2010,Rabi,Arhar/Tur,264.0,376.0,1.4242424242424243
Jharkhand,Giridih,2010,Rabi,Gram,296.0,139.0,0.46959459459459457
Jharkhand,Giridih,2010,Rabi,Onion,80.0,638.0,7.975
Jharkhand,Giridih,2010,Rabi,Potato,2385.0,15846.0,6.644025157232704
Jharkhand,Giridih,2010,Rabi,Rapeseed &Mustard,86.0,66.0,0.7674418604651163
Jharkhand,Giridih,2010,Rabi,Wheat,3406.0,1839.0,0.5399295361127422
Jharkhand,Godda,2002,Autumn,Maize,4690.39,5398.63,1.1509981046352222
Jharkhand,Godda,2002,Autumn,Rice,2814.79,2233.07,0.7933344938698802
Jharkhand,Godda,2002,Rabi,Arhar/Tur,885.27,1451.84,1.6399968371231375
Jharkhand,Godda,2002,Rabi,Gram,138.96,123.11,0.8859383995394358
Jharkhand,Godda,2002,Rabi,Masoor,1175.22,1003.63,0.8539932948724493
Jharkhand,Godda,2002,Rabi,Rapeseed &Mustard,719.83,577.3,0.8019949154661516
Jharkhand,Godda,2002,Rabi,Wheat,6029.43,7759.87,1.286998936881264
Jharkhand,Godda,2002,Winter,Rice,49969.92,65094.15,1.3026666842772612
Jharkhand,Godda,2003,Autumn,Maize,4701.54,5655.95,1.2029994427357844
Jharkhand,Godda,2003,Autumn,Rice,7008.33,5503.87,0.7853325970666336
Jharkhand,Godda,2003,Kharif,Arhar/Tur,1128.04,2125.23,1.8840023403425412
Jharkhand,Godda,2003,Rabi,Barley,1051.19,1249.86,1.1889953291032067
Jharkhand,Godda,2003,Rabi,Gram,1181.77,1114.41,0.9430007531076268
Jharkhand,Godda,2003,Rabi,Masoor,2205.83,2161.71,0.9799984586300848
Jharkhand,Godda,2003,Rabi,Rapeseed &Mustard,671.05,538.18,0.801996870575963
Jharkhand,Godda,2003,Rabi,Wheat,5575.11,8663.72,1.5539998313934613
Jharkhand,Godda,2003,Winter,Rice,45939.53,52248.56,1.1373333597448645
Jharkhand,Godda,2004,Autumn,Maize,4583.72,6220.1,1.3569982459661585
Jharkhand,Godda,2004,Autumn,Rice,3286.21,2313.49,0.7039994400844741
Jharkhand,Godda,2004,Rabi,Arhar/Tur,986.0,1797.48,1.8230020283975659
Jharkhand,Godda,2004,Rabi,Gram,1573.22,1411.18,0.8970010551607531
Jharkhand,Godda,2004,Rabi,Masoor,984.16,630.85,0.6410034953666071
Jharkhand,Godda,2004,Rabi,Rapeseed &Mustard,715.85,781.7,1.0919885450862612
Jharkhand,Godda,2004,Rabi,Wheat,6987.49,13807.28,1.9759999656529026
Jharkhand,Godda,2004,Winter,Rice,42128.09,57406.55,1.3626668097224444
Jharkhand,Godda,2005,Autumn,Maize,6926.14,7978.91,1.1519995264317497
Jharkhand,Godda,2005,Autumn,Rice,6625.01,4933.43,0.7446675552187846
Jharkhand,Godda,2005,Rabi,Arhar/Tur,769.2,863.81,1.1229979199167965
Jharkhand,Godda,2005,Rabi,Gram,1478.13,1194.33,0.8080006494692618
Jharkhand,Godda,2005,Rabi,Masoor,1002.55,598.52,0.596997655977258
Jharkhand,Godda,2005,Rabi,Potato,679.39,5464.33,8.042994450904487
Jharkhand,Godda,2005,Rabi,Rapeseed &Mustard,814.44,498.44,0.6120033397180885
Jharkhand,Godda,2005,Rabi,Wheat,5409.41,7302.7,1.3499993529793453
Jharkhand,Godda,2005,Winter,Potato,623.67,4790.15,7.680584283354979
Jharkhand,Godda,2005,Winter,Rice,36095.38,43362.58,1.2013332454181118
Jharkhand,Godda,2006,Autumn,Maize,4233.22,6976.0,1.6479181332413622
Jharkhand,Godda,2006,Autumn,Ragi,198.54,157.0,0.7907726402740002
Jharkhand,Godda,2006,Autumn,Rice,6440.25,8702.67,1.351293816233842
Jharkhand,Godda,2006,Rabi,Arhar/Tur,865.42,1767.0,2.0417831804210675
Jharkhand,Godda,2006,Rabi,Gram,1322.44,1173.0,0.8869967635582711
Jharkhand,Godda,2006,Rabi,Masoor,785.96,429.0,0.5458293042902946
Jharkhand,Godda,2006,Rabi,Onion,57.83,252.0,4.3575998616634966
Jharkhand,Godda,2006,Rabi,Potato,686.35,5396.0,7.861878050557295
Jharkhand,Godda,2006,Rabi,Rapeseed &Mustard,1794.19,1085.0,0.6047297109001833
Jharkhand,Godda,2006,Rabi,Wheat,13486.11,22764.0,1.6879589444250418
Jharkhand,Godda,2006,Whole Year,Sugarcane,38.2,1710.0,44.76439790575916
Jharkhand,Godda,2006,Winter,Potato,1013.85,8114.0,8.003156285446565
Jharkhand,Godda,2006,Winter,Rice,12932.51,20071.33,1.5520057591295118
Jharkhand,Godda,2007,Autumn,Maize,4810.38,12671.0,2.6340954352878567
Jharkhand,Godda,2007,Autumn,Ragi,194.46,105.0,0.5399568034557235
Jharkhand,Godda,2007,Autumn,Rice,6437.16,5673.33,0.8813405290531849
Jharkhand,Godda,2007,Rabi,Arhar/Tur,732.77,1170.0,1.5966810868348869
Jharkhand,Godda,2007,Rabi,Gram,1232.61,1034.0,0.8388703645110782
Jharkhand,Godda,2007,Rabi,Masoor,823.89,533.0,0.646931022345216
Jharkhand,Godda,2007,Rabi,Onion,15.23,77.0,5.055810899540381
Jharkhand,Godda,2007,Rabi,Potato,719.1,4738.0,6.588791544986789
Jharkhand,Godda,2007,Rabi,Rapeseed &Mustard,676.84,529.0,0.7815731930736953
Jharkhand,Godda,2007,Rabi,Wheat,4393.16,6937.0,1.5790456072621986
Jharkhand,Godda,2007,Whole Year,Sugarcane,40.46,1700.0,42.016806722689076
Jharkhand,Godda,2007,Winter,Potato,735.95,4133.0,5.615870643386099
Jharkhand,Godda,2007,Winter,Rice,34923.67,54900.0,1.5719997354229955
Jharkhand,Godda,2010,Rabi,Arhar/Tur,600.0,1117.0,1.8616666666666666
Jharkhand,Godda,2010,Rabi,Gram,1150.0,980.0,0.8521739130434782
Jharkhand,Godda,2010,Rabi,Masoor,814.0,833.0,1.0233415233415233
Jharkhand,Godda,2010,Rabi,Onion,17.0,84.0,4.9411764705882355
Jharkhand,Godda,2010,Rabi,Potato,651.0,4391.0,6.745007680491551
Jharkhand,Godda,2010,Rabi,Rapeseed &Mustard,1470.0,1351.0,0.919047619047619
Jharkhand,Godda,2010,Rabi,Wheat,3714.0,5055.0,1.3610662358642973
Jharkhand,Gumla,2002,Autumn,Maize,1936.99,2151.99,1.1109969591995827
Jharkhand,Gumla,2002,Autumn,Ragi,7847.8,18999.52,2.420999515787864
Jharkhand,Gumla,2002,Autumn,Rice,37524.16,17035.97,0.4540000362433163
Jharkhand,Gumla,2002,Rabi,Arhar/Tur,847.31,822.73,0.9709905465532096
Jharkhand,Gumla,2002,Rabi,Gram,318.4,172.57,0.5419912060301507
Jharkhand,Gumla,2002,Rabi,Potato,1118.25,3712.59,3.3200000000000003
Jharkhand,Gumla,2002,Rabi,Rapeseed &Mustard,178.91,114.32,0.6389804929852998
Jharkhand,Gumla,2002,Rabi,Wheat,1454.58,1393.48,0.957994747624744
Jharkhand,Gumla,2002,Winter,Potato,1841.95,10062.57,5.46299845272673
Jharkhand,Gumla,2002,Winter,Rice,73275.89,48948.29,0.6679999383153177
Jharkhand,Gumla,2003,Autumn,Maize,1865.51,2760.95,1.4799974269770733
Jharkhand,Gumla,2003,Autumn,Ragi,20190.6,12619.13,0.6250002476399908
Jharkhand,Gumla,2003,Autumn,Rice,92407.26,46819.68,0.5066666839813235
Jharkhand,Gumla,2003,Kharif,Arhar/Tur,1003.33,1346.47,1.3420011362163993
Jharkhand,Gumla,2003,Rabi,Gram,354.86,545.82,1.5381277123372599
Jharkhand,Gumla,2003,Rabi,Potato,964.11,3865.12,4.009003122050388
Jharkhand,Gumla,2003,Rabi,Rapeseed &Mustard,188.18,219.79,1.1679774683813369
Jharkhand,Gumla,2003,Rabi,Wheat,1440.04,1676.21,1.1640023888225328
Jharkhand,Gumla,2003,Winter,Potato,2181.33,12586.27,5.769998120412776
Jharkhand,Gumla,2003,Winter,Rice,72630.25,59605.23,0.820666733213778
Jharkhand,Gumla,2004,Autumn,Maize,3640.53,3520.39,0.9669993105399488
Jharkhand,Gumla,2004,Autumn,Ragi,7500.57,6998.03,0.9329997586850066
Jharkhand,Gumla,2004,Autumn,Rice,29541.33,18985.23,0.6426667316603552
Jharkhand,Gumla,2004,Rabi,Arhar/Tur,726.85,833.7,1.147004196189035
Jharkhand,Gumla,2004,Rabi,Gram,352.54,217.87,0.618000794236115
Jharkhand,Gumla,2004,Rabi,Rapeseed &Mustard,169.66,118.76,0.6999882117175528
Jharkhand,Gumla,2004,Rabi,Wheat,1238.37,1212.36,0.9789965842195789
Jharkhand,Gumla,2004,Winter,Rice,71928.46,37786.42,0.5253333659583425
Jharkhand,Gumla,2005,Autumn,Maize,1995.21,2591.78,1.2990011076528285
Jharkhand,Gumla,2005,Autumn,Ragi,8178.22,9175.96,1.1219996527361698
Jharkhand,Gumla,2005,Autumn,Rice,36389.19,18873.86,0.5186666699643493
Jharkhand,Gumla,2005,Rabi,Arhar/Tur,726.85,564.04,0.7760060535186076
Jharkhand,Gumla,2005,Rabi,Gram,352.54,201.65,0.5719918307142452
Jharkhand,Gumla,2005,Rabi,Potato,1036.21,3510.68,3.3880005018287798
Jharkhand,Gumla,2005,Rabi,Rapeseed &Mustard,169.66,177.46,1.045974301544265
Jharkhand,Gumla,2005,Rabi,Wheat,1238.37,1500.9,1.2119964146418278
Jharkhand,Gumla,2005,Winter,Potato,1889.3,8516.96,4.507997671095114
Jharkhand,Gumla,2005,Winter,Rice,71097.9,60670.21,0.8533333614635594
Jharkhand,Gumla,2006,Autumn,Maize,1942.59,3231.0,1.6632434018501074
Jharkhand,Gumla,2006,Autumn,Ragi,8005.81,6437.0,0.8040410651764156
Jharkhand,Gumla,2006,Autumn,Rice,35587.72,24270.67,0.681995643441052
Jharkhand,Gumla,2006,Rabi,Arhar/Tur,331.44,377.0,1.1374607772145788
Jharkhand,Gumla,2006,Rabi,Gram,147.03,77.0,0.5237026457185608
Jharkhand,Gumla,2006,Rabi,Onion,363.9,1868.0,5.133278373179445
Jharkhand,Gumla,2006,Rabi,Potato,1035.95,4248.0,4.100584005019547
Jharkhand,Gumla,2006,Rabi,Rapeseed &Mustard,175.83,224.0,1.27395780014787
Jharkhand,Gumla,2006,Rabi,Wheat,3916.78,5327.0,1.3600457518676055
Jharkhand,Gumla,2006,Winter,Potato,2047.39,7809.0,3.814124324139514
Jharkhand,Gumla,2006,Winter,Rice,71166.84,49010.0,0.6886634280797068
Jharkhand,Gumla,2007,Autumn,Maize,2126.13,2152.0,1.0121676473216594
Jharkhand,Gumla,2007,Autumn,Ragi,7868.66,6838.0,0.8690170880429451
Jharkhand,Gumla,2007,Autumn,Rice,36101.68,32684.0,0.9053318294328685
Jharkhand,Gumla,2007,Rabi,Arhar/Tur,801.01,1150.0,1.435687444601191
Jharkhand,Gumla,2007,Rabi,Gram,357.24,164.0,0.45907513156421453
Jharkhand,Gumla,2007,Rabi,Masoor,41.78,27.0,0.646242221158449
Jharkhand,Gumla,2007,Rabi,Onion,326.19,1608.0,4.929642233054355
Jharkhand,Gumla,2007,Rabi,Potato,1026.23,6257.0,6.0970737553959635
Jharkhand,Gumla,2007,Rabi,Rapeseed &Mustard,373.35,269.0,0.7205035489487076
Jharkhand,Gumla,2007,Rabi,Wheat,1073.58,1257.0,1.1708489353378417
Jharkhand,Gumla,2007,Winter,Potato,2137.65,9568.0,4.475943208663719
Jharkhand,Gumla,2007,Winter,Rice,70687.33,66540.0,0.941328523796273
Jharkhand,Gumla,2010,Rabi,Arhar/Tur,720.0,598.0,0.8305555555555556
Jharkhand,Gumla,2010,Rabi,Gram,305.0,157.0,0.5147540983606558
Jharkhand,Gumla,2010,Rabi,Onion,298.0,1663.0,5.580536912751678
Jharkhand,Gumla,2010,Rabi,Potato,903.0,3401.0,3.7663344407530452
Jharkhand,Gumla,2010,Rabi,Rapeseed &Mustard,285.0,252.0,0.8842105263157894
Jharkhand,Gumla,2010,Rabi,Wheat,870.0,1087.0,1.2494252873563219
Jharkhand,Hazaribagh,2002,Autumn,Maize,8017.0,7656.24,0.9550006236746913
Jharkhand,Hazaribagh,2002,Autumn,Ragi,1853.22,1866.19,1.0069986294125899
Jharkhand,Hazaribagh,2002,Autumn,Rice,4858.61,4152.49,0.8546662522820313
Jharkhand,Hazaribagh,2002,Rabi,Arhar/Tur,708.12,1663.44,2.349093374004406
Jharkhand,Hazaribagh,2002,Rabi,Gram,839.32,681.52,0.8119906591049897
Jharkhand,Hazaribagh,2002,Rabi,Potato,2614.12,17744.64,6.787997490551314
Jharkhand,Hazaribagh,2002,Rabi,Wheat,4225.79,7509.2,1.7769931776070274
Jharkhand,Hazaribagh,2002,Winter,Potato,5505.66,42206.38,7.66599826360509
Jharkhand,Hazaribagh,2002,Winter,Rice,51597.51,53145.43,1.029999897281865
Jharkhand,Hazaribagh,2003,Autumn,Maize,5811.0,7786.74,1.3399999999999999
Jharkhand,Hazaribagh,2003,Autumn,Ragi,3434.22,3657.44,1.0649987478961744
Jharkhand,Hazaribagh,2003,Autumn,Rice,10559.2,10735.19,1.0166669823471475
Jharkhand,Hazaribagh,2003,Kharif,Arhar/Tur,574.74,908.09,1.580001391933744
Jharkhand,Hazaribagh,2003,Rabi,Barley,43.2,36.76,0.8509259259259259
Jharkhand,Hazaribagh,2003,Rabi,Gram,769.84,742.13,0.9640055076379507
Jharkhand,Hazaribagh,2003,Rabi,Potato,2310.39,17334.86,7.503001657728783
Jharkhand,Hazaribagh,2003,Rabi,Wheat,3418.78,5620.47,1.6439987363913442
Jharkhand,Hazaribagh,2003,Whole Year,Onion,287.2,2182.72,7.6
Jharkhand,Hazaribagh,2003,Whole Year,Sugarcane,338.45,965.56,2.8528881666420447
Jharkhand,Hazaribagh,2003,Winter,Potato,4971.07,39768.56,8.0
Jharkhand,Hazaribagh,2003,Winter,Rice,45358.91,52465.14,1.1566666835688952
Jharkhand,Hazaribagh,2004,Autumn,Maize,5526.04,8791.92,1.5909982555319904
Jharkhand,Hazaribagh,2004,Autumn,Ragi,1144.77,1260.39,1.100998453837889
Jharkhand,Hazaribagh,2004,Autumn,Rice,4151.53,3240.96,0.7806664049157781
Jharkhand,Hazaribagh,2004,Rabi,Arhar/Tur,739.16,960.17,1.2990015693489907
Jharkhand,Hazaribagh,2004,Rabi,Gram,961.15,796.79,0.8289965145918952
Jharkhand,Hazaribagh,2004,Rabi,Onion,287.45,2165.36,7.532997042963994
Jharkhand,Hazaribagh,2004,Rabi,Potato,1978.79,14579.72,7.367997614703935
Jharkhand,Hazaribagh,2004,Rabi,Rapeseed &Mustard,67.72,40.89,0.6038098050797401
Jharkhand,Hazaribagh,2004,Rabi,Wheat,3636.47,5021.97,1.3810013557103455
Jharkhand,Hazaribagh,2004,Whole Year,Sugarcane,542.97,13957.57,25.70596902222959
Jharkhand,Hazaribagh,2004,Winter,Potato,5354.95,42009.58,7.844999486456457
Jharkhand,Hazaribagh,2004,Winter,Rice,39617.24,24826.81,0.6266668248469607
Jharkhand,Hazaribagh,2005,Autumn,Maize,6084.97,7119.41,1.1699991947371966
Jharkhand,Hazaribagh,2005,Autumn,Ragi,1029.21,875.86,0.85100222500753
Jharkhand,Hazaribagh,2005,Autumn,Rice,3998.91,2231.39,0.5579995548787045
Jharkhand,Hazaribagh,2005,Rabi,Arhar/Tur,30.96,50.43,1.628875968992248
Jharkhand,Hazaribagh,2005,Rabi,Gram,767.22,589.22,0.7679935351007534
Jharkhand,Hazaribagh,2005,Rabi,Onion,449.36,2541.13,5.654998219690226
Jharkhand,Hazaribagh,2005,Rabi,Potato,1757.1,10843.06,6.170997666609755
Jharkhand,Hazaribagh,2005,Rabi,Rapeseed &Mustard,67.72,26.95,0.3979621972829297
Jharkhand,Hazaribagh,2005,Rabi,Wheat,2877.06,3524.4,1.2250005213655608
Jharkhand,Hazaribagh,2005,Whole Year,Sugarcane,130.68,537.88,4.116008570554025
Jharkhand,Hazaribagh,2005,Winter,Potato,5110.83,35218.73,6.891000091961581
Jharkhand,Hazaribagh,2005,Winter,Rice,36356.25,24988.86,0.6873332645693657
Jharkhand,Hazaribagh,2006,Autumn,Maize,5823.36,8287.0,1.4230616001758436
Jharkhand,Hazaribagh,2006,Autumn,Ragi,993.85,1051.0,1.057503647431705
Jharkhand,Hazaribagh,2006,Autumn,Rice,3462.76,2677.33,0.7731780429483994
Jharkhand,Hazaribagh,2006,Rabi,Arhar/Tur,319.59,577.0,1.8054382177164494
Jharkhand,Hazaribagh,2006,Rabi,Gram,761.58,689.0,0.9046981275768796
Jharkhand,Hazaribagh,2006,Rabi,Masoor,24.73,11.0,0.4448038819247877
Jharkhand,Hazaribagh,2006,Rabi,Onion,445.69,2518.0,5.649666808768426
Jharkhand,Hazaribagh,2006,Rabi,Potato,1868.04,14916.0,7.9848397250594205
Jharkhand,Hazaribagh,2006,Rabi,Rapeseed &Mustard,444.84,278.0,0.624943800017984
Jharkhand,Hazaribagh,2006,Rabi,Wheat,8631.66,11963.0,1.385944302718133
Jharkhand,Hazaribagh,2006,Whole Year,Sugarcane,72.36,3240.0,44.776119402985074
Jharkhand,Hazaribagh,2006,Winter,Potato,5394.02,44549.0,8.258960849236747
Jharkhand,Hazaribagh,2006,Winter,Rice,44170.57,56155.33,1.271329077256644
Jharkhand,Hazaribagh,2007,Autumn,Maize,4982.8,5900.0,1.1840732118487598
Jharkhand,Hazaribagh,2007,Autumn,Ragi,964.98,845.0,0.8756658169081224
Jharkhand,Hazaribagh,2007,Autumn,Rice,3074.29,2996.67,0.9747518939332334
Jharkhand,Hazaribagh,2007,Rabi,Arhar/Tur,559.68,669.0,1.1953259005145798
Jharkhand,Hazaribagh,2007,Rabi,Gram,283.09,288.0,1.0173443074640574
Jharkhand,Hazaribagh,2007,Rabi,Masoor,14.9,8.0,0.5369127516778524
Jharkhand,Hazaribagh,2007,Rabi,Onion,452.91,2622.0,5.789229648274492
Jharkhand,Hazaribagh,2007,Rabi,Potato,1958.26,13686.0,6.98885745508768
Jharkhand,Hazaribagh,2007,Rabi,Rapeseed &Mustard,169.21,85.0,0.5023343774008628
Jharkhand,Hazaribagh,2007,Rabi,Wheat,3446.08,5603.0,1.6259053765437832
Jharkhand,Hazaribagh,2007,Whole Year,Sugarcane,77.62,3260.0,41.99948466889977
Jharkhand,Hazaribagh,2007,Winter,Potato,4891.92,28990.0,5.926098546174099
Jharkhand,Hazaribagh,2007,Winter,Rice,40671.59,61875.33,1.521340326257223
Jharkhand,Hazaribagh,2010,Rabi,Arhar/Tur,303.0,508.0,1.6765676567656767
Jharkhand,Hazaribagh,2010,Rabi,Gram,775.0,634.0,0.8180645161290323
Jharkhand,Hazaribagh,2010,Rabi,Onion,213.0,1223.0,5.741784037558685
Jharkhand,Hazaribagh,2010,Rabi,Potato,1195.0,11221.0,9.389958158995816
Jharkhand,Hazaribagh,2010,Rabi,Rapeseed &Mustard,244.0,126.0,0.5163934426229508
Jharkhand,Hazaribagh,2010,Rabi,Wheat,2176.0,4019.0,1.8469669117647058
Jharkhand,Jamtara,2003,Autumn,Maize,2770.74,4951.31,1.7869991410236978
Jharkhand,Jamtara,2003,Rabi,Potato,245.79,793.9,3.2299930835265878
Jharkhand,Jamtara,2003,Rabi,Wheat,903.32,1382.98,1.5309967674799627
Jharkhand,Jamtara,2003,Winter,Rice,33296.39,38934.58,1.1693333721763832
Jharkhand,Jamtara,2004,Autumn,Maize,2709.74,3403.43,1.2559987305055098
Jharkhand,Jamtara,2004,Rabi,Gram,7.6,5.94,0.7815789473684212
Jharkhand,Jamtara,2004,Rabi,Rapeseed &Mustard,135.37,211.98,1.5659304129423062
Jharkhand,Jamtara,2004,Rabi,Wheat,902.05,1517.25,1.6820021063133974
Jharkhand,Jamtara,2004,Winter,Rice,29090.55,38128.01,1.3106665222898846
Jharkhand,Jamtara,2005,Autumn,Maize,2709.73,2679.93,0.9890025943544191
Jharkhand,Jamtara,2005,Rabi,Gram,8.54,10.48,1.2271662763466045
Jharkhand,Jamtara,2005,Rabi,Potato,246.04,1584.99,6.442001300601529
Jharkhand,Jamtara,2005,Rabi,Rapeseed &Mustard,139.09,104.04,0.7480048889208426
Jharkhand,Jamtara,2005,Rabi,Wheat,1712.62,2536.39,1.4809998715418482
Jharkhand,Jamtara,2005,Winter,Potato,202.49,1306.26,6.450985233838708
Jharkhand,Jamtara,2005,Winter,Rice,33697.09,7480.75,0.2219998818889109
Jharkhand,Jamtara,2006,Autumn,Maize,2371.91,3640.0,1.534628211019811
Jharkhand,Jamtara,2006,Autumn,Ragi,107.37,85.0,0.7916550246810096
Jharkhand,Jamtara,2006,Autumn,Rice,806.4,896.0,1.1111111111111112
Jharkhand,Jamtara,2006,Rabi,Arhar/Tur,14.2,23.0,1.619718309859155
Jharkhand,Jamtara,2006,Rabi,Gram,9.26,7.0,0.755939524838013
Jharkhand,Jamtara,2006,Rabi,Onion,14.26,62.0,4.3478260869565215
Jharkhand,Jamtara,2006,Rabi,Potato,248.97,2357.0,9.46700405671366
Jharkhand,Jamtara,2006,Rabi,Rapeseed &Mustard,343.81,195.0,0.5671737296762747
Jharkhand,Jamtara,2006,Rabi,Wheat,2238.41,3593.0,1.6051572321424583
Jharkhand,Jamtara,2006,Winter,Potato,81.24,539.0,6.634662727720335
Jharkhand,Jamtara,2006,Winter,Rice,32531.72,64781.33,1.9913281560274096
Jharkhand,Jamtara,2007,Autumn,Maize,2206.13,2656.0,1.2039181734530602
Jharkhand,Jamtara,2007,Autumn,Ragi,97.93,53.0,0.5412029000306341
Jharkhand,Jamtara,2007,Autumn,Rice,900.0,1480.0,1.6444444444444444
Jharkhand,Jamtara,2007,Rabi,Arhar/Tur,23.28,34.0,1.4604810996563573
Jharkhand,Jamtara,2007,Rabi,Gram,15.87,10.0,0.630119722747322
Jharkhand,Jamtara,2007,Rabi,Onion,21.23,107.0,5.040037682524729
Jharkhand,Jamtara,2007,Rabi,Potato,307.46,2470.0,8.033565341833084
Jharkhand,Jamtara,2007,Rabi,Rapeseed &Mustard,1009.06,691.0,0.6847957505004658
Jharkhand,Jamtara,2007,Rabi,Wheat,1150.93,2512.0,2.182582780881548
Jharkhand,Jamtara,2007,Winter,Potato,147.68,1114.0,7.543336944745395
Jharkhand,Jamtara,2007,Winter,Rice,31107.51,38179.33,1.227334814004721
Jharkhand,Jamtara,2010,Rabi,Arhar/Tur,140.0,177.0,1.2642857142857142
Jharkhand,Jamtara,2010,Rabi,Gram,25.0,19.0,0.76
Jharkhand,Jamtara,2010,Rabi,Onion,37.0,471.0,12.72972972972973
Jharkhand,Jamtara,2010,Rabi,Potato,329.0,2145.0,6.519756838905775
Jharkhand,Jamtara,2010,Rabi,Rapeseed &Mustard,157.0,68.0,0.43312101910828027
Jharkhand,Jamtara,2010,Rabi,Wheat,1231.0,1685.0,1.3688058489033306
Jharkhand,Khunti,2010,Rabi,Arhar/Tur,443.0,558.0,1.2595936794582392
Jharkhand,Khunti,2010,Rabi,Gram,188.0,139.0,0.7393617021276596
Jharkhand,Khunti,2010,Rabi,Onion,146.0,907.0,6.212328767123288
Jharkhand,Khunti,2010,Rabi,Potato,492.0,2994.0,6.085365853658536
Jharkhand,Khunti,2010,Rabi,Rapeseed &Mustard,61.0,51.0,0.8360655737704918
Jharkhand,Khunti,2010,Rabi,Wheat,388.0,375.0,0.9664948453608248
Jharkhand,Koderma,2002,Autumn,Ragi,627.4,766.05,1.2209913930506853
Jharkhand,Koderma,2002,Rabi,Arhar/Tur,245.56,453.3,1.8459846880599446
Jharkhand,Koderma,2002,Rabi,Wheat,1674.03,2956.33,1.7659958304211991
Jharkhand,Koderma,2002,Winter,Rice,14685.71,18552.95,1.263333539883329
Jharkhand,Koderma,2003,Autumn,Maize,476.37,537.35,1.1280097403278964
Jharkhand,Koderma,2003,Autumn,Ragi,1451.12,2041.73,1.4070028667511991
Jharkhand,Koderma,2003,Kharif,Arhar/Tur,277.02,460.13,1.660999205833514
Jharkhand,Koderma,2003,Rabi,Wheat,1731.7,2720.5,1.57099959577294
Jharkhand,Koderma,2003,Winter,Rice,12515.08,11697.43,0.9346668179508242
Jharkhand,Koderma,2004,Autumn,Maize,670.23,831.75,1.2409918983035675
Jharkhand,Koderma,2004,Autumn,Ragi,144.48,158.49,1.0969684385382061
Jharkhand,Koderma,2004,Rabi,Arhar/Tur,256.69,588.33,2.291986442790915
Jharkhand,Koderma,2004,Rabi,Gram,270.69,230.9,0.8530052827958181
Jharkhand,Koderma,2004,Rabi,Rapeseed &Mustard,297.32,222.39,0.7479819722857527
Jharkhand,Koderma,2004,Rabi,Wheat,1101.93,1547.11,1.404000254099625
Jharkhand,Koderma,2004,Winter,Rice,11912.93,6912.17,0.5802241765879594
Jharkhand,Koderma,2005,Autumn,Maize,680.74,701.16,1.0299967682228164
Jharkhand,Koderma,2005,Autumn,Ragi,542.1,535.05,0.9869950193691199
Jharkhand,Koderma,2005,Rabi,Arhar/Tur,261.79,283.52,1.0830054623935215
Jharkhand,Koderma,2005,Rabi,Gram,223.95,227.98,1.017995088189328
Jharkhand,Koderma,2005,Rabi,Potato,264.67,2215.29,8.370007934408886
Jharkhand,Koderma,2005,Rabi,Rapeseed &Mustard,64.65,31.74,0.4909512761020881
Jharkhand,Koderma,2005,Rabi,Wheat,1046.26,1246.1,1.1910041481085007
Jharkhand,Koderma,2005,Winter,Potato,677.73,4807.82,7.094004987236804
Jharkhand,Koderma,2005,Winter,Rice,9461.03,4919.33,0.5199571294034582
Jharkhand,Koderma,2006,Autumn,Maize,857.67,1287.0,1.5005771450557908
Jharkhand,Koderma,2006,Autumn,Ragi,838.8,285.0,0.3397711015736767
Jharkhand,Koderma,2006,Autumn,Rice,620.35,533.33,0.8597243491577335
Jharkhand,Koderma,2006,Rabi,Arhar/Tur,344.39,682.0,1.9803130172188508
Jharkhand,Koderma,2006,Rabi,Gram,302.23,312.0,1.0323263739536115
Jharkhand,Koderma,2006,Rabi,Masoor,20.7,9.0,0.43478260869565216
Jharkhand,Koderma,2006,Rabi,Onion,37.58,249.0,6.6258648217136775
Jharkhand,Koderma,2006,Rabi,Potato,459.09,3909.0,8.514670326079854
Jharkhand,Koderma,2006,Rabi,Rapeseed &Mustard,317.32,135.0,0.425438043615278
Jharkhand,Koderma,2006,Rabi,Wheat,3462.0,5356.0,1.5470826112073945
Jharkhand,Koderma,2006,Whole Year,Sugarcane,118.28,5290.0,44.72438282042611
Jharkhand,Koderma,2006,Winter,Potato,688.64,6394.0,9.284967472118959
Jharkhand,Koderma,2006,Winter,Rice,11718.31,13038.67,1.1126749505688107
Jharkhand,Koderma,2007,Autumn,Maize,944.81,954.0,1.009726823382479
Jharkhand,Koderma,2007,Autumn,Ragi,868.25,978.0,1.1264036855744313
Jharkhand,Koderma,2007,Autumn,Rice,905.72,903.33,0.9973612153866537
Jharkhand,Koderma,2007,Rabi,Arhar/Tur,277.56,446.0,1.6068597780660037
Jharkhand,Koderma,2007,Rabi,Gram,256.59,249.0,0.9704197357652287
Jharkhand,Koderma,2007,Rabi,Onion,34.03,225.0,6.6118131060828675
Jharkhand,Koderma,2007,Rabi,Potato,468.55,3019.0,6.443282467185999
Jharkhand,Koderma,2007,Rabi,Rapeseed &Mustard,86.76,43.0,0.49562010142923
Jharkhand,Koderma,2007,Rabi,Wheat,1391.83,2354.0,1.691298506283095
Jharkhand,Koderma,2007,Whole Year,Sugarcane,142.89,6000.0,41.990342221289104
Jharkhand,Koderma,2007,Winter,Potato,859.96,8426.0,9.798130145588166
Jharkhand,Koderma,2007,Winter,Rice,13451.27,20661.33,1.5360133281095392
Jharkhand,Koderma,2010,Rabi,Arhar/Tur,64.0,99.0,1.546875
Jharkhand,Koderma,2010,Rabi,Gram,468.0,249.0,0.532051282051282
Jharkhand,Koderma,2010,Rabi,Onion,26.0,167.0,6.423076923076923
Jharkhand,Koderma,2010,Rabi,Potato,238.0,1777.0,7.466386554621849
Jharkhand,Koderma,2010,Rabi,Rapeseed &Mustard,56.0,23.0,0.4107142857142857
Jharkhand,Koderma,2010,Rabi,Wheat,558.0,605.0,1.0842293906810037
Jharkhand,Latehar,2003,Autumn,Maize,10365.92,22317.83,2.1530004090326766
Jharkhand,Latehar,2003,Autumn,Rice,12998.57,3812.91,0.2933330358647143
Jharkhand,Latehar,2003,Kharif,Arhar/Tur,3094.4,4446.65,1.4369990951396068
Jharkhand,Latehar,2003,Rabi,Gram,1546.97,969.95,0.6269998771792601
Jharkhand,Latehar,2003,Rabi,Masoor,396.64,166.59,0.4200030254134732
Jharkhand,Latehar,2003,Rabi,Potato,415.3,3179.95,7.656994943414398
Jharkhand,Latehar,2003,Rabi,Rapeseed &Mustard,928.69,648.23,0.698004716320839
Jharkhand,Latehar,2003,Rabi,Wheat,2480.28,2631.58,1.0610011772864354
Jharkhand,Latehar,2003,Winter,Potato,977.08,7792.21,7.974996929627052
Jharkhand,Latehar,2003,Winter,Rice,17100.47,1149.51,0.06722095942392226
Jharkhand,Latehar,2004,Autumn,Maize,10704.44,16666.81,1.5569997122689276
Jharkhand,Latehar,2004,Autumn,Ragi,580.87,228.86,0.3939952140754386
Jharkhand,Latehar,2004,Autumn,Rice,5553.28,3580.01,0.6446658551342631
Jharkhand,Latehar,2004,Rabi,Arhar/Tur,3103.55,4348.07,1.4009988561486038
Jharkhand,Latehar,2004,Rabi,Gram,1493.09,1466.2,0.9819903689663718
Jharkhand,Latehar,2004,Rabi,Masoor,164.67,86.45,0.5249893726847635
Jharkhand,Latehar,2004,Rabi,Potato,441.75,3531.35,7.994001131861912
Jharkhand,Latehar,2004,Rabi,Rapeseed &Mustard,720.13,469.52,0.6519933900823462
Jharkhand,Latehar,2004,Rabi,Wheat,2433.87,2828.16,1.1620012572569611
Jharkhand,Latehar,2004,Winter,Potato,772.24,5846.63,7.571001243136848
Jharkhand,Latehar,2004,Winter,Rice,7107.02,2989.69,0.42066717133200693
Jharkhand,Latehar,2005,Autumn,Maize,6573.28,9123.71,1.3879995983740232
Jharkhand,Latehar,2005,Autumn,Ragi,464.28,269.28,0.5799948307056086
Jharkhand,Latehar,2005,Autumn,Rice,4129.58,1957.42,0.47399977721705355
Jharkhand,Latehar,2005,Rabi,Gram,1245.39,835.66,0.6710026578019735
Jharkhand,Latehar,2005,Rabi,Masoor,185.09,90.88,0.49100437624939214
Jharkhand,Latehar,2005,Rabi,Potato,434.64,2904.26,6.6819896926191795
Jharkhand,Latehar,2005,Rabi,Rapeseed &Mustard,828.22,522.61,0.6310038395595373
Jharkhand,Latehar,2005,Rabi,Wheat,2352.68,2242.1,0.9529982828093919
Jharkhand,Latehar,2005,Winter,Potato,882.09,5553.64,6.296001541792788
Jharkhand,Latehar,2005,Winter,Rice,7222.98,2258.39,0.31266734782596656
Jharkhand,Latehar,2006,Autumn,Maize,6369.21,8274.0,1.2990622070869071
Jharkhand,Latehar,2006,Autumn,Ragi,609.16,470.0,0.7715542714557752
Jharkhand,Latehar,2006,Autumn,Rice,5309.27,3479.33,0.6553311472198625
Jharkhand,Latehar,2006,Rabi,Arhar/Tur,2657.21,3462.0,1.3028703038149037
Jharkhand,Latehar,2006,Rabi,Gram,1292.64,583.0,0.45101497710112637
Jharkhand,Latehar,2006,Rabi,Onion,126.61,931.0,7.353289629571124
Jharkhand,Latehar,2006,Rabi,Potato,322.93,2217.0,6.865264918093704
Jharkhand,Latehar,2006,Rabi,Rapeseed &Mustard,1529.74,1086.0,0.7099245623439278
Jharkhand,Latehar,2006,Rabi,Wheat,4797.93,4023.0,0.838486597345105
Jharkhand,Latehar,2006,Winter,Potato,976.63,6964.0,7.130643129946858
Jharkhand,Latehar,2006,Winter,Rice,11796.12,10852.67,0.9200203117635289
Jharkhand,Latehar,2007,Autumn,Maize,6918.96,7632.0,1.1030559506052933
Jharkhand,Latehar,2007,Autumn,Ragi,591.14,639.0,1.0809622086138648
Jharkhand,Latehar,2007,Autumn,Rice,5282.08,3328.0,0.6300548268863781
Jharkhand,Latehar,2007,Rabi,Arhar/Tur,2660.57,4227.0,1.5887572963688232
Jharkhand,Latehar,2007,Rabi,Gram,1287.06,842.0,0.6542041552064395
Jharkhand,Latehar,2007,Rabi,Masoor,190.1,133.0,0.6996317727511836
Jharkhand,Latehar,2007,Rabi,Onion,162.88,1137.0,6.980599214145383
Jharkhand,Latehar,2007,Rabi,Potato,325.52,2649.0,8.137748832637012
Jharkhand,Latehar,2007,Rabi,Rapeseed &Mustard,567.14,449.0,0.7916916458017421
Jharkhand,Latehar,2007,Rabi,Wheat,1937.39,2019.0,1.0421236818606474
Jharkhand,Latehar,2007,Winter,Potato,853.48,6424.0,7.526831325865866
Jharkhand,Latehar,2007,Winter,Rice,11812.53,11773.33,0.9966814899094436
Jharkhand,Latehar,2010,Rabi,Arhar/Tur,960.0,1134.0,1.18125
Jharkhand,Latehar,2010,Rabi,Gram,972.0,504.0,0.5185185185185185
Jharkhand,Latehar,2010,Rabi,Masoor,3.0,2.0,0.6666666666666666
Jharkhand,Latehar,2010,Rabi,Onion,74.0,254.0,3.4324324324324325
Jharkhand,Latehar,2010,Rabi,Potato,158.0,799.0,5.056962025316456
Jharkhand,Latehar,2010,Rabi,Rapeseed &Mustard,465.0,511.0,1.0989247311827957
Jharkhand,Latehar,2010,Rabi,Wheat,677.0,375.0,0.5539143279172821
Jharkhand,Lohardaga,2002,Autumn,Ragi,1863.34,1043.47,0.5599997853317162
Jharkhand,Lohardaga,2002,Autumn,Rice,12453.17,8650.8,0.6946664985702435
Jharkhand,Lohardaga,2002,Rabi,Arhar/Tur,573.97,858.65,1.495984110667805
Jharkhand,Lohardaga,2002,Rabi,Wheat,2101.9,2667.31,1.2689994766639705
Jharkhand,Lohardaga,2002,Winter,Rice,6723.39,7081.97,1.0533332143457392
Jharkhand,Lohardaga,2003,Autumn,Maize,1793.8,2760.66,1.5390010034563497
Jharkhand,Lohardaga,2003,Autumn,Ragi,2707.11,1410.4,0.5209984078962436
Jharkhand,Lohardaga,2003,Autumn,Rice,21204.71,13175.19,0.6213331849386292
Jharkhand,Lohardaga,2003,Kharif,Arhar/Tur,577.39,1082.61,1.8750064947435874
Jharkhand,Lohardaga,2003,Rabi,Wheat,2067.83,3434.67,1.6610021133265307
Jharkhand,Lohardaga,2003,Winter,Rice,9788.79,10689.36,1.0920001348481272
Jharkhand,Lohardaga,2004,Autumn,Maize,1947.89,2360.84,1.2119986241522878
Jharkhand,Lohardaga,2004,Autumn,Ragi,1176.03,867.91,0.7379998809554178
Jharkhand,Lohardaga,2004,Autumn,Rice,10711.35,9504.54,0.8873335293870521
Jharkhand,Lohardaga,2004,Rabi,Arhar/Tur,567.88,792.76,1.3959991547510038
Jharkhand,Lohardaga,2004,Rabi,Gram,261.51,165.8,0.6340101716951552
Jharkhand,Lohardaga,2004,Rabi,Rapeseed &Mustard,325.7,468.03,1.4369972367209087
Jharkhand,Lohardaga,2004,Rabi,Wheat,2091.52,2788.0,1.3330018359853122
Jharkhand,Lohardaga,2004,Winter,Rice,23219.0,18234.65,0.7853331323485078
Jharkhand,Lohardaga,2005,Autumn,Maize,1947.89,2280.98,1.1710004158345697
Jharkhand,Lohardaga,2005,Autumn,Ragi,1176.03,973.75,0.8279975850956184
Jharkhand,Lohardaga,2005,Autumn,Rice,10711.35,5648.45,0.5273331559513973
Jharkhand,Lohardaga,2005,Rabi,Arhar/Tur,567.88,596.84,1.0509966894414313
Jharkhand,Lohardaga,2005,Rabi,Gram,261.51,186.2,0.7120186608542695
Jharkhand,Lohardaga,2005,Rabi,Onion,300.24,7711.06,25.68298694377831
Jharkhand,Lohardaga,2005,Rabi,Potato,655.85,2446.32,3.729999237630556
Jharkhand,Lohardaga,2005,Rabi,Rapeseed &Mustard,325.7,274.89,0.8439975437519189
Jharkhand,Lohardaga,2005,Rabi,Wheat,2091.52,2794.27,1.335999655752754
Jharkhand,Lohardaga,2005,Winter,Potato,655.85,2742.11,4.1810017534497215
Jharkhand,Lohardaga,2005,Winter,Rice,23219.0,9426.91,0.4059998277272923
Jharkhand,Lohardaga,2006,Autumn,Maize,1838.99,2014.0,1.0951663684957504
Jharkhand,Lohardaga,2006,Autumn,Ragi,2082.15,1691.0,0.8121412962562735
Jharkhand,Lohardaga,2006,Autumn,Rice,12417.07,130064.67,10.474666728946524
Jharkhand,Lohardaga,2006,Rabi,Arhar/Tur,594.35,1268.0,2.133423067216287
Jharkhand,Lohardaga,2006,Rabi,Gram,279.23,147.0,0.5264477312609677
Jharkhand,Lohardaga,2006,Rabi,Masoor,6.17,3.0,0.4862236628849271
Jharkhand,Lohardaga,2006,Rabi,Onion,395.42,1274.0,3.2218906479186686
Jharkhand,Lohardaga,2006,Rabi,Potato,650.28,2690.0,4.136679584179123
Jharkhand,Lohardaga,2006,Rabi,Rapeseed &Mustard,2994.75,2498.0,0.8341263878453961
Jharkhand,Lohardaga,2006,Rabi,Wheat,5167.66,9596.0,1.8569333121761107
Jharkhand,Lohardaga,2006,Whole Year,Sugarcane,37.51,1680.0,44.7880565182618
Jharkhand,Lohardaga,2006,Winter,Potato,595.56,2483.0,4.1691853045872795
Jharkhand,Lohardaga,2006,Winter,Rice,40752.3,56075.33,1.3760040537589289
Jharkhand,Lohardaga,2007,Autumn,Maize,2001.44,3040.0,1.518906387401071
Jharkhand,Lohardaga,2007,Autumn,Ragi,1478.82,1507.0,1.0190557336254582
Jharkhand,Lohardaga,2007,Autumn,Rice,11252.53,13600.67,1.2086766265008846
Jharkhand,Lohardaga,2007,Rabi,Arhar/Tur,595.51,1113.0,1.8689862470823329
Jharkhand,Lohardaga,2007,Rabi,Gram,262.82,117.0,0.44517160033482994
Jharkhand,Lohardaga,2007,Rabi,Masoor,8.54,6.0,0.7025761124121781
Jharkhand,Lohardaga,2007,Rabi,Onion,314.08,1159.0,3.6901426388181355
Jharkhand,Lohardaga,2007,Rabi,Potato,675.43,1748.0,2.5879809898879236
Jharkhand,Lohardaga,2007,Rabi,Rapeseed &Mustard,330.56,306.0,0.925701839303001
Jharkhand,Lohardaga,2007,Rabi,Wheat,2091.76,4022.0,1.9227827284200862
Jharkhand,Lohardaga,2007,Winter,Potato,1111.83,4565.0,4.10584351924305
Jharkhand,Lohardaga,2007,Winter,Rice,23871.29,45737.33,1.9159974178186432
Jharkhand,Lohardaga,2010,Rabi,Arhar/Tur,409.0,622.0,1.5207823960880196
Jharkhand,Lohardaga,2010,Rabi,Gram,212.0,160.0,0.7547169811320755
Jharkhand,Lohardaga,2010,Rabi,Onion,313.0,850.0,2.7156549520766773
Jharkhand,Lohardaga,2010,Rabi,Potato,721.0,2457.0,3.407766990291262
Jharkhand,Lohardaga,2010,Rabi,Rapeseed &Mustard,288.0,262.0,0.9097222222222222
Jharkhand,Lohardaga,2010,Rabi,Wheat,1658.0,1696.0,1.02291917973462
Jharkhand,Pakur,2002,Autumn,Maize,2730.54,4912.24,1.7989994653072285
Jharkhand,Pakur,2002,Autumn,Rice,61.81,649.45,10.50719948228442
Jharkhand,Pakur,2002,Rabi,Arhar/Tur,336.22,444.14,1.3209803105109748
Jharkhand,Pakur,2002,Rabi,Gram,638.3,810.64,1.2699984333385557
Jharkhand,Pakur,2002,Rabi,Rapeseed &Mustard,567.06,428.13,0.7549994709554545
Jharkhand,Pakur,2002,Rabi,Wheat,1559.01,2539.62,1.6289953239555872
Jharkhand,Pakur,2002,Winter,Rice,44941.72,64686.11,1.4393332075407883
Jharkhand,Pakur,2003,Autumn,Maize,1423.19,1306.49,0.9180011101820558
Jharkhand,Pakur,2003,Autumn,Rice,5996.42,8203.1,1.3679995730786036
Jharkhand,Pakur,2003,Kharif,Arhar/Tur,440.01,550.45,1.2509942955841915
Jharkhand,Pakur,2003,Rabi,Gram,810.42,1028.42,1.268996322894302
Jharkhand,Pakur,2003,Rabi,Rapeseed &Mustard,673.78,606.4,0.8999970316720591
Jharkhand,Pakur,2003,Rabi,Wheat,1559.66,2026.0,1.2990010643345344
Jharkhand,Pakur,2003,Winter,Rice,413835.1,509568.95,1.2313333257618797
Jharkhand,Pakur,2004,Autumn,Maize,2468.48,3011.54,1.219997731397459
Jharkhand,Pakur,2004,Autumn,Rice,1636.85,1276.74,0.7799981672114122
Jharkhand,Pakur,2004,Rabi,Arhar/Tur,420.74,575.57,1.367994485905785
Jharkhand,Pakur,2004,Rabi,Gram,691.76,783.76,1.132994102000694
Jharkhand,Pakur,2004,Rabi,Rapeseed &Mustard,595.43,295.33,0.4959944913759804
Jharkhand,Pakur,2004,Rabi,Wheat,1328.47,1814.69,1.3659999849450872
Jharkhand,Pakur,2004,Winter,Rice,38937.38,40209.57,1.0326727170651955
Jharkhand,Pakur,2005,Autumn,Maize,2459.7,2115.34,0.8599991868927106
Jharkhand,Pakur,2005,Autumn,Rice,1965.47,1256.59,0.6393330857250428
Jharkhand,Pakur,2005,Rabi,Arhar/Tur,407.91,721.18,1.7679880365766956
Jharkhand,Pakur,2005,Rabi,Gram,767.24,563.15,0.7339945779677806
Jharkhand,Pakur,2005,Rabi,Rapeseed &Mustard,472.64,220.25,0.4659994922139472
Jharkhand,Pakur,2005,Rabi,Wheat,1579.41,1478.33,0.936001418251119
Jharkhand,Pakur,2005,Winter,Rice,44117.15,39999.55,0.9066666817779481
Jharkhand,Pakur,2006,Autumn,Maize,2350.61,2348.0,0.9988896499206589
Jharkhand,Pakur,2006,Autumn,Ragi,8.67,7.0,0.8073817762399077
Jharkhand,Pakur,2006,Autumn,Rice,2571.13,1762.0,0.6853017933748974
Jharkhand,Pakur,2006,Rabi,Arhar/Tur,388.06,598.0,1.5409988146162965
Jharkhand,Pakur,2006,Rabi,Gram,662.04,803.0,1.2129176484804545
Jharkhand,Pakur,2006,Rabi,Masoor,561.48,307.0,0.5467692526893211
Jharkhand,Pakur,2006,Rabi,Onion,12.82,56.0,4.368174726989079
Jharkhand,Pakur,2006,Rabi,Potato,88.58,790.0,8.918491758862046
Jharkhand,Pakur,2006,Rabi,Rapeseed &Mustard,1355.88,983.0,0.724990412130867
Jharkhand,Pakur,2006,Rabi,Wheat,3357.12,4603.0,1.3711157182346774
Jharkhand,Pakur,2006,Winter,Potato,25.0,216.0,8.64
Jharkhand,Pakur,2006,Winter,Rice,44167.13,43843.33,0.9926687561541808
Jharkhand,Pakur,2007,Autumn,Maize,2865.34,3963.0,1.3830819379201071
Jharkhand,Pakur,2007,Autumn,Rice,2946.66,2488.67,0.8445731777673706
Jharkhand,Pakur,2007,Rabi,Arhar/Tur,360.81,578.0,1.6019511654333305
Jharkhand,Pakur,2007,Rabi,Gram,642.83,484.0,0.7529206788731079
Jharkhand,Pakur,2007,Rabi,Masoor,563.82,365.0,0.6473697279273526
Jharkhand,Pakur,2007,Rabi,Onion,21.82,110.0,5.0412465627864345
Jharkhand,Pakur,2007,Rabi,Potato,125.06,1014.0,8.108108108108109
Jharkhand,Pakur,2007,Rabi,Rapeseed &Mustard,642.34,813.0,1.265684839804465
Jharkhand,Pakur,2007,Rabi,Wheat,1522.22,2306.0,1.5148927224711277
Jharkhand,Pakur,2007,Whole Year,Sugarcane,3.7,160.0,43.24324324324324
Jharkhand,Pakur,2007,Winter,Potato,45.94,318.0,6.9220722681758815
Jharkhand,Pakur,2007,Winter,Rice,45321.89,55141.33,1.2166599848329362
Jharkhand,Pakur,2010,Rabi,Arhar/Tur,375.0,488.0,1.3013333333333332
Jharkhand,Pakur,2010,Rabi,Gram,476.0,390.0,0.819327731092437
Jharkhand,Pakur,2010,Rabi,Potato,115.0,1145.0,9.956521739130435
Jharkhand,Pakur,2010,Rabi,Rapeseed &Mustard,618.0,687.0,1.1116504854368932
Jharkhand,Pakur,2010,Rabi,Wheat,1354.0,1695.0,1.2518463810930576
Jharkhand,Palamu,2002,Autumn,Maize,9659.7,11127.97,1.1519995444993114
Jharkhand,Palamu,2002,Autumn,Ragi,741.37,710.97,0.9589948338886116
Jharkhand,Palamu,2002,Autumn,Rice,8044.42,2016.47,0.25066692191606105
Jharkhand,Palamu,2002,Rabi,Arhar/Tur,6184.65,9097.62,1.4709999757464047
Jharkhand,Palamu,2002,Rabi,Gram,4059.11,3259.46,0.8029986869042721
Jharkhand,Palamu,2002,Rabi,Masoor,1093.6,580.7,0.5309985369422093
Jharkhand,Palamu,2002,Rabi,Potato,4418.36,33345.36,7.546999339121304
Jharkhand,Palamu,2002,Rabi,Rapeseed &Mustard,977.43,775.1,0.7929979640485765
Jharkhand,Palamu,2002,Rabi,Wheat,8802.9,10484.25,1.1909995569641822
Jharkhand,Palamu,2002,Winter,Rice,35364.38,25166.69,0.7116395084545523
Jharkhand,Palamu,2003,Autumn,Maize,11685.65,15612.03,1.3360001369200687
Jharkhand,Palamu,2003,Autumn,Rice,21390.53,13091.01,0.6120002636680812
Jharkhand,Palamu,2003,Kharif,Arhar/Tur,5974.02,8076.88,1.3520008302616997
Jharkhand,Palamu,2003,Rabi,Barley,3425.43,2702.66,0.7889987534411738
Jharkhand,Palamu,2003,Rabi,Gram,4034.19,3029.68,0.7510008204868883
Jharkhand,Palamu,2003,Rabi,Masoor,2612.91,1515.49,0.5800008419731257
Jharkhand,Palamu,2003,Rabi,Potato,565.05,4628.32,8.190991947615256
Jharkhand,Palamu,2003,Rabi,Rapeseed &Mustard,933.49,659.98,0.7070027531092995
Jharkhand,Palamu,2003,Rabi,Wheat,8782.95,8466.76,0.9639995673435462
Jharkhand,Palamu,2003,Winter,Potato,1387.75,10952.0,7.891911367321203
Jharkhand,Palamu,2003,Winter,Rice,34496.44,25228.39,0.7313331462608894
Jharkhand,Palamu,2004,Autumn,Maize,10196.22,10430.73,1.0229996998887823
Jharkhand,Palamu,2004,Rabi,Arhar/Tur,5516.25,7772.4,1.4090006798096533
Jharkhand,Palamu,2004,Rabi,Gram,5036.84,3399.87,0.6750005956115341
Jharkhand,Palamu,2004,Rabi,Masoor,799.69,455.02,0.5689954857507283
Jharkhand,Palamu,2004,Rabi,Onion,357.85,2561.49,7.157999161659912
Jharkhand,Palamu,2004,Rabi,Potato,616.42,5007.8,8.124006359300477
Jharkhand,Palamu,2004,Rabi,Rapeseed &Mustard,799.69,713.32,0.8919956483137216
Jharkhand,Palamu,2004,Rabi,Wheat,8117.04,6136.48,0.7559997240373337
Jharkhand,Palamu,2004,Winter,Rice,18762.54,8105.42,0.4320001449697109
Jharkhand,Palamu,2005,Autumn,Maize,6803.86,5830.91,0.857000291011279
Jharkhand,Palamu,2005,Rabi,Arhar/Tur,4080.58,5912.76,1.4489998970734552
Jharkhand,Palamu,2005,Rabi,Gram,3021.85,1876.57,0.6210003805615765
Jharkhand,Palamu,2005,Rabi,Masoor,896.22,370.14,0.41300127200910486
Jharkhand,Palamu,2005,Rabi,Onion,329.34,3002.59,9.116991558875327
Jharkhand,Palamu,2005,Rabi,Potato,572.5,2964.41,5.178008733624454
Jharkhand,Palamu,2005,Rabi,Rapeseed &Mustard,590.01,306.22,0.5190081524041966
Jharkhand,Palamu,2005,Rabi,Wheat,6562.67,4357.61,0.6639995611542253
Jharkhand,Palamu,2005,Winter,Potato,1340.24,8771.87,6.5449994030919845
Jharkhand,Palamu,2005,Winter,Rice,26965.14,2152.63,0.07983010657463674
Jharkhand,Palamu,2006,Autumn,Maize,8245.48,14297.0,1.7339196747793943
Jharkhand,Palamu,2006,Autumn,Ragi,503.23,388.0,0.7710192158655088
Jharkhand,Palamu,2006,Autumn,Rice,5605.83,3968.67,0.7079540407040528
Jharkhand,Palamu,2006,Rabi,Arhar/Tur,5492.39,6091.0,1.108988982938211
Jharkhand,Palamu,2006,Rabi,Gram,3616.84,3020.0,0.8349830238550778
Jharkhand,Palamu,2006,Rabi,Masoor,1182.34,922.0,0.779809530253565
Jharkhand,Palamu,2006,Rabi,Onion,358.0,2168.0,6.055865921787709
Jharkhand,Palamu,2006,Rabi,Potato,641.68,4566.0,7.115696297219799
Jharkhand,Palamu,2006,Rabi,Rapeseed &Mustard,1922.06,1357.0,0.7060133398541149
Jharkhand,Palamu,2006,Rabi,Wheat,23544.07,31549.0,1.3399977149235456
Jharkhand,Palamu,2006,Winter,Potato,1446.99,10641.0,7.353886343374867
Jharkhand,Palamu,2006,Winter,Rice,27595.77,35892.67,1.3006583980081003
Jharkhand,Palamu,2007,Autumn,Maize,8259.53,8565.0,1.0369839446070175
Jharkhand,Palamu,2007,Autumn,Ragi,517.39,406.0,0.784707860608052
Jharkhand,Palamu,2007,Autumn,Rice,6123.91,4348.0,0.710003902735344
Jharkhand,Palamu,2007,Rabi,Arhar/Tur,5553.1,7619.0,1.3720264356845724
Jharkhand,Palamu,2007,Rabi,Gram,3670.88,2790.0,0.7600357407488123
Jharkhand,Palamu,2007,Rabi,Masoor,1208.65,900.0,0.7446324411533528
Jharkhand,Palamu,2007,Rabi,Onion,372.99,2821.0,7.563205447867235
Jharkhand,Palamu,2007,Rabi,Potato,663.04,4698.0,7.085545366795367
Jharkhand,Palamu,2007,Rabi,Rapeseed &Mustard,800.16,462.0,0.5773845230953809
Jharkhand,Palamu,2007,Rabi,Wheat,9694.84,1233.0,0.1271810571396743
Jharkhand,Palamu,2007,Whole Year,Sugarcane,239.27,10050.0,42.00275839010323
Jharkhand,Palamu,2007,Winter,Potato,1451.31,11059.0,7.620012264781473
Jharkhand,Palamu,2007,Winter,Rice,27530.63,28154.67,1.0226671165897765
Jharkhand,Palamu,2010,Rabi,Arhar/Tur,4826.0,6838.0,1.416908412764194
Jharkhand,Palamu,2010,Rabi,Gram,2404.0,1750.0,0.7279534109816972
Jharkhand,Palamu,2010,Rabi,Masoor,2.0,1.0,0.5
Jharkhand,Palamu,2010,Rabi,Onion,348.0,2097.0,6.025862068965517
Jharkhand,Palamu,2010,Rabi,Potato,645.0,4512.0,6.995348837209303
Jharkhand,Palamu,2010,Rabi,Rapeseed &Mustard,770.0,530.0,0.6883116883116883
Jharkhand,Palamu,2010,Rabi,Wheat,10078.0,8546.0,0.8479857114506847
Jharkhand,Ramgarh,2010,Rabi,Arhar/Tur,127.0,241.0,1.8976377952755905
Jharkhand,Ramgarh,2010,Rabi,Gram,94.0,81.0,0.8617021276595744
Jharkhand,Ramgarh,2010,Rabi,Onion,143.0,920.0,6.433566433566433
Jharkhand,Ramgarh,2010,Rabi,Potato,775.0,3578.0,4.6167741935483875
Jharkhand,Ramgarh,2010,Rabi,Rapeseed &Mustard,57.0,41.0,0.7192982456140351
Jharkhand,Ramgarh,2010,Rabi,Wheat,473.0,611.0,1.291754756871036
Jharkhand,Ranchi,2002,Autumn,Maize,3453.05,3895.04,1.1279998841603798
Jharkhand,Ranchi,2002,Autumn,Ragi,10479.25,8362.44,0.7979998568599853
Jharkhand,Ranchi,2002,Autumn,Rice,51998.42,38998.81,0.7499999038432321
Jharkhand,Ranchi,2002,Rabi,Arhar/Tur,1786.54,4182.29,2.3409999216362354
Jharkhand,Ranchi,2002,Rabi,Gram,1344.43,977.4,0.726999546276117
Jharkhand,Ranchi,2002,Rabi,Potato,2665.69,17940.09,6.7299986119916415
Jharkhand,Ranchi,2002,Rabi,Rapeseed &Mustard,364.77,261.9,0.7179866765358993
Jharkhand,Ranchi,2002,Rabi,Wheat,3782.72,6177.18,1.6329995347263346
Jharkhand,Ranchi,2002,Winter,Potato,3178.17,22319.86,7.022865359625193
Jharkhand,Ranchi,2002,Winter,Rice,124414.03,153692.9,1.2353341500150747
Jharkhand,Ranchi,2003,Autumn,Maize,3572.0,5643.78,1.5800055991041433
Jharkhand,Ranchi,2003,Autumn,Ragi,25469.7,17064.7,0.6700000392623392
Jharkhand,Ranchi,2003,Autumn,Rice,123810.18,94673.52,0.7646666857281041
Jharkhand,Ranchi,2003,Kharif,Arhar/Tur,1947.58,3696.51,1.8980016225264176
Jharkhand,Ranchi,2003,Rabi,Gram,631.0,545.82,0.8650079239302695
Jharkhand,Ranchi,2003,Rabi,Potato,2618.51,17347.63,6.625000477370718
Jharkhand,Ranchi,2003,Rabi,Rapeseed &Mustard,424.32,472.69,1.1139941553544495
Jharkhand,Ranchi,2003,Rabi,Wheat,3551.58,5977.31,1.6830002421457493
Jharkhand,Ranchi,2003,Whole Year,Onion,499.0,3212.56,6.437995991983968
Jharkhand,Ranchi,2003,Winter,Potato,2784.57,45834.02,16.459999209931873
Jharkhand,Ranchi,2003,Winter,Rice,126638.97,150109.39,1.1853333140659625
Jharkhand,Ranchi,2004,Autumn,Maize,3521.05,4070.33,1.155998920776473
Jharkhand,Ranchi,2004,Autumn,Ragi,10274.03,6102.77,0.5939996281887439
Jharkhand,Ranchi,2004,Autumn,Rice,46197.84,31445.33,0.6806666718617148
Jharkhand,Ranchi,2004,Rabi,Arhar/Tur,1596.69,2578.65,1.6149972756139264
Jharkhand,Ranchi,2004,Rabi,Gram,647.52,501.83,0.7750030887076848
Jharkhand,Ranchi,2004,Rabi,Onion,443.18,2456.1,5.541991967146531
Jharkhand,Ranchi,2004,Rabi,Potato,2481.14,13351.01,5.380998250804066
Jharkhand,Ranchi,2004,Rabi,Rapeseed &Mustard,223.98,207.85,0.9279846414858469
Jharkhand,Ranchi,2004,Rabi,Wheat,3030.28,4463.6,1.4729991947938805
Jharkhand,Ranchi,2004,Winter,Potato,3238.03,20629.49,6.371000268681883
Jharkhand,Ranchi,2004,Winter,Rice,122249.96,115729.96,0.9466666492160816
Jharkhand,Ranchi,2005,Autumn,Maize,2850.67,2996.05,1.050998537185995
Jharkhand,Ranchi,2005,Autumn,Ragi,8098.75,4826.86,0.5960006173792252
Jharkhand,Ranchi,2005,Autumn,Rice,36854.37,19925.93,0.5406666834896376
Jharkhand,Ranchi,2005,Rabi,Arhar/Tur,1552.59,2870.74,1.849000702052699
Jharkhand,Ranchi,2005,Rabi,Gram,582.26,407.0,0.6990004465359118
Jharkhand,Ranchi,2005,Rabi,Onion,427.68,3927.81,9.183992704826037
Jharkhand,Ranchi,2005,Rabi,Potato,2531.68,20321.8,8.027001832775074
Jharkhand,Ranchi,2005,Rabi,Rapeseed &Mustard,231.72,155.25,0.6699896426721906
Jharkhand,Ranchi,2005,Rabi,Wheat,2391.13,2658.94,1.1120014386503452
Jharkhand,Ranchi,2005,Winter,Potato,2657.14,14518.61,5.463998886020308
Jharkhand,Ranchi,2005,Winter,Rice,107993.93,50613.15,0.46866661857754416
Jharkhand,Ranchi,2006,Autumn,Maize,3689.43,5553.0,1.5051105455314235
Jharkhand,Ranchi,2006,Autumn,Ragi,9338.61,8199.0,0.8779679202793563
Jharkhand,Ranchi,2006,Autumn,Rice,57794.98,42806.67,0.7406641545684417
Jharkhand,Ranchi,2006,Rabi,Arhar/Tur,1471.41,1168.0,0.79379642655684
Jharkhand,Ranchi,2006,Rabi,Gram,632.48,271.0,0.4284720465469264
Jharkhand,Ranchi,2006,Rabi,Masoor,3.39,1.0,0.2949852507374631
Jharkhand,Ranchi,2006,Rabi,Onion,401.53,2817.0,7.0156650810649275
Jharkhand,Ranchi,2006,Rabi,Potato,2595.87,26605.0,10.24897240616826
Jharkhand,Ranchi,2006,Rabi,Rapeseed &Mustard,433.15,284.0,0.6556620108507446
Jharkhand,Ranchi,2006,Rabi,Wheat,2613.97,1018.0,0.38944593855323517
Jharkhand,Ranchi,2006,Winter,Potato,3024.24,18339.0,6.064002856916118
Jharkhand,Ranchi,2006,Winter,Rice,102622.65,130878.0,1.2753324923883764
Jharkhand,Ranchi,2007,Autumn,Maize,3191.89,3964.0,1.2418974338088093
Jharkhand,Ranchi,2007,Autumn,Ragi,9232.23,7450.0,0.8069556326044737
Jharkhand,Ranchi,2007,Autumn,Rice,48459.12,40932.0,0.8446707245199665
Jharkhand,Ranchi,2007,Rabi,Arhar/Tur,1458.47,2736.0,1.8759384834792625
Jharkhand,Ranchi,2007,Rabi,Gram,494.17,630.0,1.2748649250258008
Jharkhand,Ranchi,2007,Rabi,Onion,451.88,3492.0,7.727715322652031
Jharkhand,Ranchi,2007,Rabi,Potato,2516.19,8173.0,3.248164884209857
Jharkhand,Ranchi,2007,Rabi,Rapeseed &Mustard,222.19,243.0,1.0936585804941716
Jharkhand,Ranchi,2007,Rabi,Wheat,3314.12,5601.0,1.6900413986216554
Jharkhand,Ranchi,2007,Winter,Potato,2988.17,18401.0,6.157949514251197
Jharkhand,Ranchi,2007,Winter,Rice,110647.03,144652.7,1.3073346839946811
Jharkhand,Ranchi,2010,Rabi,Arhar/Tur,895.0,1040.0,1.1620111731843576
Jharkhand,Ranchi,2010,Rabi,Gram,340.0,334.0,0.9823529411764705
Jharkhand,Ranchi,2010,Rabi,Onion,337.0,1646.0,4.884272997032641
Jharkhand,Ranchi,2010,Rabi,Potato,1776.0,13402.0,7.546171171171171
Jharkhand,Ranchi,2010,Rabi,Rapeseed &Mustard,147.0,127.0,0.8639455782312925
Jharkhand,Ranchi,2010,Rabi,Wheat,2198.0,3246.0,1.4767970882620565
Jharkhand,Sahebganj,2002,Autumn,Maize,12.2,19.11,1.5663934426229509
Jharkhand,Sahebganj,2002,Rabi,Gram,874.77,969.24,1.1079941013066292
Jharkhand,Sahebganj,2002,Rabi,Masoor,784.84,795.82,1.0139901126344224
Jharkhand,Sahebganj,2002,Rabi,Rapeseed &Mustard,446.89,289.58,0.6479894381167625
Jharkhand,Sahebganj,2002,Rabi,Wheat,2691.48,4182.55,1.5539963142954807
Jharkhand,Sahebganj,2002,Winter,Rice,30960.84,36657.63,1.1839998527171742
Jharkhand,Sahebganj,2003,Autumn,Maize,2154.46,3675.51,1.7060005755502539
Jharkhand,Sahebganj,2003,Kharif,Arhar/Tur,271.27,449.77,1.6580159988203635
Jharkhand,Sahebganj,2003,Rabi,Gram,838.0,806.16,0.9620047732696897
Jharkhand,Sahebganj,2003,Rabi,Rapeseed &Mustard,903.63,600.91,0.6649956287418523
Jharkhand,Sahebganj,2003,Rabi,Wheat,2764.44,3311.8,1.1980003183284862
Jharkhand,Sahebganj,2003,Winter,Rice,30849.59,36978.37,1.1986664976746855
Jharkhand,Sahebganj,2004,Autumn,Maize,1872.32,3188.56,1.702999487267134
Jharkhand,Sahebganj,2004,Rabi,Arhar/Tur,305.04,626.25,2.053009441384736
Jharkhand,Sahebganj,2004,Rabi,Gram,878.8,825.19,0.938996358670915
Jharkhand,Sahebganj,2004,Rabi,Rapeseed &Mustard,716.76,1113.12,1.5529884480160723
Jharkhand,Sahebganj,2004,Rabi,Wheat,2820.75,3334.13,1.1820012408047504
Jharkhand,Sahebganj,2004,Winter,Rice,31613.57,30686.23,0.9706663942098283
Jharkhand,Sahebganj,2005,Autumn,Maize,1178.42,1159.57,0.9840040053631132
Jharkhand,Sahebganj,2005,Rabi,Arhar/Tur,242.76,231.84,0.9550173010380624
Jharkhand,Sahebganj,2005,Rabi,Gram,660.97,500.35,0.7569935095390109
Jharkhand,Sahebganj,2005,Rabi,Rapeseed &Mustard,712.2,514.21,0.722002246559955
Jharkhand,Sahebganj,2005,Rabi,Wheat,2836.35,2461.95,0.8679993653815643
Jharkhand,Sahebganj,2005,Winter,Rice,29486.43,25279.7,0.857333356394789
Jharkhand,Sahebganj,2006,Autumn,Maize,1701.03,1465.0,0.8612428940112755
Jharkhand,Sahebganj,2006,Autumn,Ragi,2.57,2.0,0.7782101167315175
Jharkhand,Sahebganj,2006,Autumn,Rice,1081.56,1202.0,1.1113576685528312
Jharkhand,Sahebganj,2006,Rabi,Arhar/Tur,275.33,295.0,1.0714415428758217
Jharkhand,Sahebganj,2006,Rabi,Gram,709.36,411.0,0.5793955114469381
Jharkhand,Sahebganj,2006,Rabi,Masoor,661.63,361.0,0.5456221755361758
Jharkhand,Sahebganj,2006,Rabi,Onion,3.52,15.0,4.261363636363637
Jharkhand,Sahebganj,2006,Rabi,Potato,83.74,747.0,8.920468115595893
Jharkhand,Sahebganj,2006,Rabi,Rapeseed &Mustard,1620.83,1347.0,0.831055693687802
Jharkhand,Sahebganj,2006,Rabi,Wheat,5431.01,5616.0,1.0340618043421022
Jharkhand,Sahebganj,2006,Winter,Potato,6.92,60.0,8.670520231213873
Jharkhand,Sahebganj,2006,Winter,Rice,69714.23,48288.67,0.6926659019256184
Jharkhand,Sahebganj,2007,Autumn,Maize,1548.8,1120.0,0.7231404958677686
Jharkhand,Sahebganj,2007,Autumn,Ragi,2.08,1.0,0.4807692307692307
Jharkhand,Sahebganj,2007,Autumn,Rice,1384.96,921.33,0.665239429297597
Jharkhand,Sahebganj,2007,Rabi,Arhar/Tur,293.61,345.0,1.1750280984980075
Jharkhand,Sahebganj,2007,Rabi,Gram,704.12,610.0,0.8663296029085952
Jharkhand,Sahebganj,2007,Rabi,Masoor,652.54,422.0,0.6467036503509364
Jharkhand,Sahebganj,2007,Rabi,Potato,148.42,1837.0,12.377038135022236
Jharkhand,Sahebganj,2007,Rabi,Rapeseed &Mustard,643.6,772.0,1.199502796768179
Jharkhand,Sahebganj,2007,Rabi,Wheat,1244.79,1617.0,1.2990142915672525
Jharkhand,Sahebganj,2007,Winter,Rice,30002.55,27022.0,0.9006567775072453
Jharkhand,Sahebganj,2010,Rabi,Arhar/Tur,265.0,447.0,1.6867924528301887
Jharkhand,Sahebganj,2010,Rabi,Gram,701.0,658.0,0.9386590584878745
Jharkhand,Sahebganj,2010,Rabi,Onion,27.0,278.0,10.296296296296296
Jharkhand,Sahebganj,2010,Rabi,Potato,119.0,1303.0,10.949579831932773
Jharkhand,Sahebganj,2010,Rabi,Rapeseed &Mustard,407.0,155.0,0.3808353808353808
Jharkhand,Sahebganj,2010,Rabi,Wheat,2414.0,3235.0,1.34009942004971
Jharkhand,Saraikela Kharsawan,2003,Autumn,Maize,3251.07,4356.43,1.339998831154051
Jharkhand,Saraikela Kharsawan,2003,Kharif,Arhar/Tur,95.63,79.95,0.8360347171389731
Jharkhand,Saraikela Kharsawan,2003,Rabi,Wheat,166.51,226.79,1.3620202990811363
Jharkhand,Saraikela Kharsawan,2003,Winter,Rice,61385.1,59257.08,0.9653332812034191
Jharkhand,Saraikela Kharsawan,2004,Autumn,Maize,922.92,1414.83,1.532993108828501
Jharkhand,Saraikela Kharsawan,2004,Autumn,Rice,745.9,335.16,0.44933637216785094
Jharkhand,Saraikela Kharsawan,2004,Rabi,Arhar/Tur,96.16,164.43,1.7099625623960069
Jharkhand,Saraikela Kharsawan,2004,Rabi,Gram,122.99,118.07,0.9599967477030653
Jharkhand,Saraikela Kharsawan,2004,Rabi,Rapeseed &Mustard,16.58,14.93,0.9004825090470447
Jharkhand,Saraikela Kharsawan,2004,Rabi,Wheat,169.89,218.99,1.289010536229325
Jharkhand,Saraikela Kharsawan,2004,Winter,Rice,61257.74,62891.28,1.026666671019858
Jharkhand,Saraikela Kharsawan,2005,Autumn,Maize,726.12,608.49,0.8380019831432821
Jharkhand,Saraikela Kharsawan,2005,Rabi,Gram,123.55,69.31,0.5609874544718738
Jharkhand,Saraikela Kharsawan,2005,Rabi,Wheat,198.63,193.47,0.9740220510496904
Jharkhand,Saraikela Kharsawan,2005,Winter,Rice,64673.18,28930.47,0.4473333459093863
Jharkhand,Saraikela Kharsawan,2006,Autumn,Maize,842.88,1423.0,1.6882593014426728
Jharkhand,Saraikela Kharsawan,2006,Autumn,Ragi,842.88,667.0,0.7913344722854974
Jharkhand,Saraikela Kharsawan,2006,Autumn,Rice,1091.45,632.0,0.5790462229144715
Jharkhand,Saraikela Kharsawan,2006,Rabi,Arhar/Tur,98.06,136.0,1.3869059759331022
Jharkhand,Saraikela Kharsawan,2006,Rabi,Gram,127.5,94.0,0.7372549019607844
Jharkhand,Saraikela Kharsawan,2006,Rabi,Onion,9.39,54.0,5.7507987220447285
Jharkhand,Saraikela Kharsawan,2006,Rabi,Potato,155.22,1260.0,8.117510630073443
Jharkhand,Saraikela Kharsawan,2006,Rabi,Rapeseed &Mustard,43.4,29.0,0.6682027649769585
Jharkhand,Saraikela Kharsawan,2006,Rabi,Wheat,499.09,596.0,1.1941733955799556
Jharkhand,Saraikela Kharsawan,2006,Winter,Potato,35.52,270.0,7.601351351351351
Jharkhand,Saraikela Kharsawan,2006,Winter,Rice,66319.44,101910.7,1.5366640610958113
Jharkhand,Saraikela Kharsawan,2007,Autumn,Maize,790.32,955.0,1.2083712926409556
Jharkhand,Saraikela Kharsawan,2007,Autumn,Rice,850.94,602.67,0.708240298963499
Jharkhand,Saraikela Kharsawan,2007,Rabi,Arhar/Tur,98.64,191.0,1.9363341443633415
Jharkhand,Saraikela Kharsawan,2007,Rabi,Gram,128.02,126.0,0.9842212154350882
Jharkhand,Saraikela Kharsawan,2007,Rabi,Onion,15.63,99.0,6.333973128598848
Jharkhand,Saraikela Kharsawan,2007,Rabi,Potato,155.21,1318.0,8.491720894272277
Jharkhand,Saraikela Kharsawan,2007,Rabi,Rapeseed &Mustard,17.81,20.0,1.1229646266142617
Jharkhand,Saraikela Kharsawan,2007,Rabi,Wheat,201.58,303.0,1.5031253100506001
Jharkhand,Saraikela Kharsawan,2007,Winter,Potato,36.06,275.0,7.626178591236827
Jharkhand,Saraikela Kharsawan,2007,Winter,Rice,66416.01,98605.33,1.4846620566336342
Jharkhand,Saraikela Kharsawan,2010,Rabi,Arhar/Tur,76.0,101.0,1.3289473684210527
Jharkhand,Saraikela Kharsawan,2010,Rabi,Gram,102.0,58.0,0.5686274509803921
Jharkhand,Saraikela Kharsawan,2010,Rabi,Onion,9.0,52.0,5.777777777777778
Jharkhand,Saraikela Kharsawan,2010,Rabi,Potato,101.0,341.0,3.376237623762376
Jharkhand,Saraikela Kharsawan,2010,Rabi,Rapeseed &Mustard,16.0,9.0,0.5625
Jharkhand,Saraikela Kharsawan,2010,Rabi,Wheat,150.0,116.0,0.7733333333333333
Jharkhand,Simdega,2003,Autumn,Maize,590.45,577.46,0.9779998306376493
Jharkhand,Simdega,2003,Autumn,Ragi,12821.47,10487.96,0.8179998081343247
Jharkhand,Simdega,2003,Autumn,Rice,58340.01,26408.58,0.4526667033481825
Jharkhand,Simdega,2003,Kharif,Arhar/Tur,421.13,326.8,0.7760074086386627
Jharkhand,Simdega,2003,Rabi,Gram,189.69,104.52,0.5510042701249407
Jharkhand,Simdega,2003,Rabi,Potato,539.81,2487.44,4.60799170078361
Jharkhand,Simdega,2003,Rabi,Rapeseed &Mustard,10.23,4.28,0.41837732160312807
Jharkhand,Simdega,2003,Rabi,Wheat,627.71,794.68,1.2659986299405774
Jharkhand,Simdega,2003,Winter,Potato,872.57,4957.0,5.680919582383075
Jharkhand,Simdega,2003,Winter,Rice,37613.44,27683.49,0.7359999510813157
Jharkhand,Simdega,2004,Autumn,Maize,4781.13,6545.36,1.3689985421856339
Jharkhand,Simdega,2004,Autumn,Ragi,5949.81,7306.36,1.2279988772750725
Jharkhand,Simdega,2004,Autumn,Rice,25055.93,16536.91,0.6599998483392954
Jharkhand,Simdega,2004,Rabi,Arhar/Tur,434.0,437.91,1.0090092165898619
Jharkhand,Simdega,2004,Rabi,Gram,121.85,19.5,0.1600328272466147
Jharkhand,Simdega,2004,Rabi,Rapeseed &Mustard,1.62,0.51,0.3148148148148148
Jharkhand,Simdega,2004,Rabi,Wheat,477.55,429.32,0.8990053397549994
Jharkhand,Simdega,2004,Winter,Rice,39815.68,27977.15,0.7026666378672926
Jharkhand,Simdega,2005,Autumn,Maize,447.0,651.73,1.4580089485458614
Jharkhand,Simdega,2005,Autumn,Ragi,6099.07,4769.47,0.7819995507511802
Jharkhand,Simdega,2005,Autumn,Rice,24680.41,10003.79,0.4053332177220719
Jharkhand,Simdega,2005,Rabi,Gram,121.85,69.7,0.5720147722609766
Jharkhand,Simdega,2005,Rabi,Rapeseed &Mustard,1.62,0.8,0.49382716049382713
Jharkhand,Simdega,2005,Rabi,Wheat,477.55,394.93,0.8269919380169616
Jharkhand,Simdega,2005,Winter,Rice,39815.68,24898.07,0.6253332857808783
Jharkhand,Simdega,2006,Autumn,Maize,416.57,767.0,1.841227164702211
Jharkhand,Simdega,2006,Autumn,Ragi,5335.5,1558.0,0.29200637241120797
Jharkhand,Simdega,2006,Autumn,Rice,26728.64,14611.33,0.546654450058065
Jharkhand,Simdega,2006,Rabi,Arhar/Tur,399.28,534.0,1.3374073331997596
Jharkhand,Simdega,2006,Rabi,Gram,263.25,201.0,0.7635327635327636
Jharkhand,Simdega,2006,Rabi,Masoor,2.82,1.0,0.3546099290780142
Jharkhand,Simdega,2006,Rabi,Onion,182.49,937.0,5.134527919338046
Jharkhand,Simdega,2006,Rabi,Potato,559.97,4386.0,7.832562458703144
Jharkhand,Simdega,2006,Rabi,Rapeseed &Mustard,85.77,72.0,0.8394543546694649
Jharkhand,Simdega,2006,Rabi,Wheat,1418.31,2370.0,1.6710028132072678
Jharkhand,Simdega,2006,Whole Year,Sugarcane,4.87,22.0,4.517453798767967
Jharkhand,Simdega,2006,Winter,Potato,380.85,1816.0,4.76828147564658
Jharkhand,Simdega,2006,Winter,Rice,38105.35,27359.33,0.7179918305434801
Jharkhand,Simdega,2007,Autumn,Maize,488.44,614.0,1.2570633035787404
Jharkhand,Simdega,2007,Autumn,Ragi,5254.27,4219.0,0.8029659686312275
Jharkhand,Simdega,2007,Autumn,Rice,27395.2,28728.67,1.0486753153837167
Jharkhand,Simdega,2007,Rabi,Arhar/Tur,391.3,403.0,1.0299003322259135
Jharkhand,Simdega,2007,Rabi,Gram,122.9,60.0,0.4882017900732302
Jharkhand,Simdega,2007,Rabi,Onion,182.45,937.0,5.135653603727049
Jharkhand,Simdega,2007,Rabi,Potato,531.27,3645.0,6.860918177198035
Jharkhand,Simdega,2007,Rabi,Wheat,478.6,836.0,1.7467613873798578
Jharkhand,Simdega,2007,Winter,Potato,379.68,3625.0,9.547513695743785
Jharkhand,Simdega,2007,Winter,Rice,39000.26,65078.67,1.668672721669035
Jharkhand,Simdega,2010,Rabi,Arhar/Tur,362.0,417.0,1.1519337016574585
Jharkhand,Simdega,2010,Rabi,Gram,205.0,67.0,0.32682926829268294
Jharkhand,Simdega,2010,Rabi,Onion,171.0,792.0,4.631578947368421
Jharkhand,Simdega,2010,Rabi,Potato,528.0,2107.0,3.990530303030303
Jharkhand,Simdega,2010,Rabi,Rapeseed &Mustard,59.0,40.0,0.6779661016949152
Jharkhand,Simdega,2010,Rabi,Wheat,249.0,186.0,0.7469879518072289
Jharkhand,West Singhbhum,2002,Autumn,Maize,1220.69,1004.62,0.82299355282668
Jharkhand,West Singhbhum,2002,Autumn,Rice,9311.57,5338.63,0.5733329610366459
Jharkhand,West Singhbhum,2002,Rabi,Arhar/Tur,129.61,125.98,0.9719929017822698
Jharkhand,West Singhbhum,2002,Rabi,Gram,219.6,179.19,0.815983606557377
Jharkhand,West Singhbhum,2002,Winter,Rice,117119.34,90103.81,0.7693333142075425
Jharkhand,West Singhbhum,2003,Autumn,Maize,1142.5,1227.05,1.0740043763676148
Jharkhand,West Singhbhum,2003,Autumn,Rice,20183.11,9782.08,0.4846666346266755
Jharkhand,West Singhbhum,2003,Kharif,Arhar/Tur,165.29,165.79,1.0030249863875613
Jharkhand,West Singhbhum,2003,Rabi,Gram,227.47,158.55,0.6970149909878226
Jharkhand,West Singhbhum,2003,Rabi,Wheat,155.06,211.19,1.3619889075196698
Jharkhand,West Singhbhum,2003,Winter,Rice,116530.94,61450.65,0.5273333416859076
Jharkhand,West Singhbhum,2004,Autumn,Maize,1270.21,1931.98,1.5209925917761629
Jharkhand,West Singhbhum,2004,Autumn,Rice,9775.62,6028.3,0.6166667689619686
Jharkhand,West Singhbhum,2004,Rabi,Arhar/Tur,143.79,160.33,1.115028861534182
Jharkhand,West Singhbhum,2004,Rabi,Gram,222.68,120.25,0.5400125740973595
Jharkhand,West Singhbhum,2004,Rabi,Rapeseed &Mustard,5.01,4.51,0.9001996007984032
Jharkhand,West Singhbhum,2004,Rabi,Wheat,73.87,80.22,1.0859618248273994
Jharkhand,West Singhbhum,2004,Winter,Rice,85873.94,81007.75,0.9433333325570016
Jharkhand,West Singhbhum,2005,Autumn,Maize,1301.6,1205.28,0.9259987707437001
Jharkhand,West Singhbhum,2005,Autumn,Rice,10102.97,4472.25,0.44266685934928046
Jharkhand,West Singhbhum,2005,Rabi,Arhar/Tur,144.83,135.56,0.935993923910792
Jharkhand,West Singhbhum,2005,Rabi,Gram,224.48,107.53,0.4790181753385603
Jharkhand,West Singhbhum,2005,Rabi,Wheat,82.84,75.72,0.91405118300338
Jharkhand,West Singhbhum,2005,Winter,Rice,117536.73,47484.84,0.404000009188617
Jharkhand,West Singhbhum,2006,Autumn,Maize,1429.78,1055.0,0.7378757571094854
Jharkhand,West Singhbhum,2006,Autumn,Ragi,656.79,520.0,0.7917294721296001
Jharkhand,West Singhbhum,2006,Autumn,Rice,6695.48,3312.0,0.49466207053116434
Jharkhand,West Singhbhum,2006,Rabi,Arhar/Tur,147.66,205.0,1.388324529324123
Jharkhand,West Singhbhum,2006,Rabi,Gram,230.34,169.0,0.7336980116349744
Jharkhand,West Singhbhum,2006,Rabi,Masoor,48.35,21.0,0.43433298862461217
Jharkhand,West Singhbhum,2006,Rabi,Potato,15.88,129.0,8.123425692695214
Jharkhand,West Singhbhum,2006,Rabi,Rapeseed &Mustard,13.85,9.0,0.6498194945848376
Jharkhand,West Singhbhum,2006,Rabi,Wheat,206.31,236.0,1.1439096505259077
Jharkhand,West Singhbhum,2006,Winter,Potato,89.9,684.0,7.60845383759733
Jharkhand,West Singhbhum,2006,Winter,Rice,127315.75,124514.7,0.9779991870605168
Jharkhand,West Singhbhum,2007,Autumn,Maize,607.14,579.0,0.9536515465955134
Jharkhand,West Singhbhum,2007,Autumn,Rice,11343.83,7578.0,0.6680283466871418
Jharkhand,West Singhbhum,2007,Rabi,Arhar/Tur,150.29,181.0,1.2043382793266353
Jharkhand,West Singhbhum,2007,Rabi,Gram,233.53,262.0,1.121911531708988
Jharkhand,West Singhbhum,2007,Rabi,Masoor,49.3,32.0,0.6490872210953347
Jharkhand,West Singhbhum,2007,Rabi,Potato,16.86,105.0,6.227758007117438
Jharkhand,West Singhbhum,2007,Rabi,Rapeseed &Mustard,5.8,6.0,1.0344827586206897
Jharkhand,West Singhbhum,2007,Rabi,Wheat,85.91,98.0,1.1407286695378884
Jharkhand,West Singhbhum,2007,Winter,Potato,9.32,71.0,7.618025751072961
Jharkhand,West Singhbhum,2007,Winter,Rice,127677.16,137125.3,1.074000236220793
Jharkhand,West Singhbhum,2010,Rabi,Arhar/Tur,198.0,262.0,1.3232323232323233
Jharkhand,West Singhbhum,2010,Rabi,Gram,274.0,167.0,0.6094890510948905
Jharkhand,West Singhbhum,2010,Rabi,Masoor,45.0,36.0,0.8
Jharkhand,West Singhbhum,2010,Rabi,Potato,35.0,46.0,1.3142857142857143
Jharkhand,West Singhbhum,2010,Rabi,Rapeseed &Mustard,33.0,43.0,1.303030303030303
Jharkhand,West Singhbhum,2010,Rabi,Wheat,137.0,68.0,0.49635036496350365
